Brand,Tweet,Sentiment Score,Sentiment,Likes,Retweets,Time,Hashtags,Mentions,Username,Profile Image,Media,Device,Location,Date
Samsung,Je m'en fous des iPhones j'ai toujours eu des Samsung,0.0,Neutral,,,2025-04-09 11:07:54+00:00,,,Oscar68686,Not Available,https://pbs.twimg.com/profile_images/1907797723018915840/dB7M0-h6_bigger.jpg,Unknown,"HÃ©rault, Languedoc-Roussillon",2025-04-09
Samsung,"Mlm ini juga aku jabanin, ",-0.34,Negative,,,2025-04-09 11:07:53+00:00,,,RcSamsung1,Not Available,https://pbs.twimg.com/profile_images/1906290841351778304/swNUgCgv_bigger.jpg,Unknown,Unknown,2025-04-09
Samsung,ì§„ë§Œëˆ„ë‚˜ ë¯¿ì–´ìš”,0.0,Neutral,,,2025-04-09 11:07:52+00:00,,,PuDdInG5_,Not Available,https://pbs.twimg.com/profile_images/1906835893853552640/gStwhgCr_bigger.jpg,Unknown,21,2025-04-09
Samsung,"Samsungã®ãƒªãƒ³ã‚°ã‚‚è¦‹ã¦ã¿ãŸã‚‰5ã€œ15å·
èª°ã®ã©ã®æŒ‡ã«ä»˜ã‘ã‚‹ã“ã¨å‰æãªã‚“ã ã‚ã†ï¼Ÿå¤§äººãŒçœŸé¢ç›®ã«è€ƒãˆã¦æ±ºå®šã—ãŸã“ã¨ã ã‚ã†ã‹ã‚‰ã‚¤ãƒ¤ãªã‚‰è²·ã‚ãªãã‚ƒè‰¯ã„ã ã‘ã®äº‹ã€‚",0.0,Neutral,,,2025-04-09 11:07:48+00:00,,,kenji_yogi,Not Available,https://pbs.twimg.com/profile_images/1667149328648130561/icgOzA_M_bigger.jpg,Unknown,St john's co-cathedral,2025-04-09
Samsung,"Aku pengguna samsung dari tahun 2018, hp pertamaku j2 pro bahkan sampe sekarang masih dipake walaupun udh bolak balik kebanting . Hp keduaku jg samsung m21, bolak balik jatuh alhamdulilah masih hidup ",0.0,Neutral,,,2025-04-09 11:07:41+00:00,,,calonkamumas,Not Available,https://pbs.twimg.com/profile_images/1760906912659570688/L3UE4IwT_bigger.jpg,Unknown,di rumah,2025-04-09
Samsung,Samsung,0.0,Neutral,,,2025-04-09 11:07:39+00:00,,,DamaKalume,Not Available,https://pbs.twimg.com/profile_images/1878200426736082944/KCcmeav-_bigger.jpg,Unknown,"Watamu, Kenya",2025-04-09
Samsung,"tampilan UI samsung itu udah kuno mbak, HP terbaru mereka aja masih sama tampilannya dengan J5  coba dulu rasain brand lain, dari segi spek aja dengan harga mid range udah jauh samsung ini ketinggalan.",0.0,Neutral,,,2025-04-09 11:07:39+00:00,,,muhammadiqbalq,Not Available,https://pbs.twimg.com/profile_images/1826658957353779205/_PiMXK_H_bigger.jpg,Unknown,dunia yang fana,2025-04-09
Samsung,"Udh selesai aja, tp jujur,suka bgt ama ending nya yg beginii",0.0,Neutral,,,2025-04-09 11:07:32+00:00,,,RcSamsung1,Not Available,https://pbs.twimg.com/profile_images/1906290841351778304/swNUgCgv_bigger.jpg,Unknown,Unknown,2025-04-09
Samsung,Trying to figure out do I go for a 32in Samsung odyssey or a Phillips Evnia since want to upgrade the monitor I have from 27in flat to a curved monitor an these 2 seem to look pretty decent,0.5423,Positive,,,2025-04-09 11:07:30+00:00,,,Exg4Anubis,Not Available,https://pbs.twimg.com/profile_images/1900662668026892288/4T8tFKDq_bigger.jpg,Unknown,Entertainment & Recreation,2025-04-09
Samsung,Samsung,0.0,Neutral,,,2025-04-09 11:07:23+00:00,,,victoromondi144,Not Available,https://pbs.twimg.com/profile_images/1357790242837782531/FfA3GfQp_bigger.jpg,Unknown,"Mombasa, Kenya",2025-04-09
Samsung,penyakit lama samsung sii,0.0,Neutral,,,2025-04-09 11:07:19+00:00,,,krisna_ajp,Not Available,https://pbs.twimg.com/profile_images/1779494059423490048/Izrxn847_bigger.jpg,Unknown,Unknown,2025-04-09
Samsung,Hopefully this will be the last time this pops up when I try to do a software update #Samsungâ€¯â€¯â€¯ #OneUI7 #galaxyS24Ultra #iykyk #chicago #windycity,0.4019,Positive,,,2025-04-09 11:07:18+00:00,"#Samsung, #OneUI7, #galaxyS24Ultra, #iykyk, #chicago, #windycity",,JoseDelgado2630,https://pbs.twimg.com/media/GoFrmWDXUAAZvQ9?format=jpg&name=medium,https://pbs.twimg.com/profile_images/1881371662139944960/HF-CThKU_bigger.jpg,Unknown,"Chicago, IL",2025-04-09
Samsung,"Jâ€™ai installÃ© un frigo Samsung sous un pont, 1200â‚¬/ mois !",0.0,Neutral,,,2025-04-09 11:07:09+00:00,,,Majorum1200,Not Available,https://pbs.twimg.com/profile_images/1683193302043045889/rDvEsvA7_bigger.png,Unknown,La lune de Termina,2025-04-09
Samsung,Ø®Ø§Øµ,0.0,Neutral,,,2025-04-09 11:07:03+00:00,,,Samsung78714830,Not Available,https://pbs.twimg.com/profile_images/1583099828334100482/BDsaOnG3_bigger.png,Unknown,Ø§Ù„Ù…Ù…Ù„ÙƒØ© Ø§Ù„Ø£Ø±Ø¯Ù†ÙŠØ© Ø§Ù„Ù‡Ø§Ø´Ù…ÙŠØ©,2025-04-09
Samsung,Cinta Samsung dah pokona,0.0,Neutral,,,2025-04-09 11:07:01+00:00,,,narigato_,Not Available,https://pbs.twimg.com/profile_images/1904359581570269184/ZDgpdspj_bigger.jpg,Unknown,Entertainment & Recreation,2025-04-09
Samsung,"Mdr non c'est un Samsung rien a voir
Blague Ã  part 
Tu peux pas te plaindre de la gauche si tu profite de l'Ã©cole la secu les 35h les congÃ©s payÃ©s 
Les week-ends etc?
Pour lutter contre le capitalisme il faut vivre en autarcie et la je pourrais m'en plaindre?",0.0,Neutral,,,2025-04-09 11:07:00+00:00,,,pig_sel,Not Available,https://abs.twimg.com/sticky/default_profile_images/default_profile_bigger.png,Unknown,Unknown,2025-04-09
Samsung,Fix clo ama aku aja ya,0.0,Neutral,,,2025-04-09 11:06:54+00:00,,,RcSamsung1,Not Available,https://pbs.twimg.com/profile_images/1906290841351778304/swNUgCgv_bigger.jpg,Unknown,Unknown,2025-04-09
Samsung,Samsung,0.0,Neutral,,,2025-04-09 11:06:53+00:00,,,haywhyy09,Not Available,https://pbs.twimg.com/profile_images/1715018562996158464/-K4N5m4s_bigger.jpg,Unknown,Emirate stadium,2025-04-09
Samsung,"A customer reached out to us for a Samsung SS2, and we delivered with peace of mind  Thank you for always trusting Shams.",0.8442,Positive,,,2025-04-09 11:06:42+00:00,,,shamsonibata1,https://pbs.twimg.com/media/GoFrdfSXMAAyaTM?format=jpg&name=small,https://pbs.twimg.com/profile_images/1565186770081386499/vWk8jpFI_bigger.jpg,Unknown,"Abuja, Nigeria",2025-04-09
Samsung,PcComponentes tumba el precio de un monitor Samsung de 27 pulgadas a menos de 100 euros ,0.0,Neutral,,,2025-04-09 11:06:23+00:00,,,adslzone,Not Available,https://pbs.twimg.com/profile_images/1234865684351537152/F614aShe_bigger.jpg,Unknown,Media & News Company,2025-04-09
Samsung,"bener banget... sumpah paling gasuka sharing charger. makanya tiap ada yg mau pinjem, aku selalu nolak kecuali buat ngecharge sesama samsung. meskipun cuma pinjem kabelnya, bisa error seharian dan bikin badmood. tp awet bgt ini smp skrg baterainya awet tp bosen sm hpnya sudah :/",-0.3182,Negative,,,2025-04-09 11:06:18+00:00,,,bwubibie,Not Available,https://pbs.twimg.com/profile_images/1896389290348998656/9_rOWGZt_bigger.jpg,Unknown,unlabeled,2025-04-09
Samsung,Ø®Ø§Øµ Ø§Ù†Ø§ Ù…ØµØ±ÙŠ,0.0,Neutral,,,2025-04-09 11:05:51+00:00,,,Samsung78714830,Not Available,https://pbs.twimg.com/profile_images/1583099828334100482/BDsaOnG3_bigger.png,Unknown,Ø§Ù„Ù…Ù…Ù„ÙƒØ© Ø§Ù„Ø£Ø±Ø¯Ù†ÙŠØ© Ø§Ù„Ù‡Ø§Ø´Ù…ÙŠØ©,2025-04-09
Samsung,"Since i was young, i have always love all Samsung products, nd i have been wanting to use a good Samsung phone, but my income ",0.5499,Positive,,,2025-04-09 11:05:47+00:00,,,kingjosh07010,Not Available,https://pbs.twimg.com/profile_images/1760411164062752769/9s2jdK1T_bigger.jpg,Unknown,Other,2025-04-09
Samsung,"Aku open kaa

WA ke http://wa.me/+6287771113666",0.0,Neutral,,,2025-04-09 11:05:46+00:00,,,MASWONFEEL,https://pbs.twimg.com/media/GoFrTV4aMAAMAKe?format=jpg&name=small,https://pbs.twimg.com/profile_images/1591734193574137856/xX8CnlUN_bigger.jpg,Unknown,Shopping & Retail,2025-04-09
Samsung,"ã€Cell Phones & Accessoriesã€‘TOP  6 on 4/9 !
INIU Portable Charger, Slimmest 10000mAh 5V/3A Power Bank, USB C in&out High-Speed Charging Battery Pack, External Phone Powerbank Compatible with iPhone 16 15 14 13 12 Samsung S22 S21 Google iPad etc
#pr",0.0,Neutral,,,2025-04-09 11:05:43+00:00,#pr,,aslw3023,Not Available,https://pbs.twimg.com/profile_images/1334026959546843136/mRagPy4p_bigger.jpg,Unknown,Unknown,2025-04-09
Samsung,Caramba tÃ´ muito feliz que eu achei um canal na Samsung tv plus que literalmente SÃ“ PASSA Naruto,0.0,Neutral,,,2025-04-09 11:05:43+00:00,,,Leo_Oliveiraa4,Not Available,https://pbs.twimg.com/profile_images/1823832519940231168/gUSt9STA_bigger.jpg,Unknown,"Rio de Janeiro, Brasil",2025-04-09
Samsung,"Our phones are same too..   
I mean Samsung ",0.0,Neutral,,,2025-04-09 11:05:36+00:00,,,lovekoyajoonie,Not Available,https://pbs.twimg.com/profile_images/1865453784329293824/_-QUvY5H_bigger.jpg,Unknown,Bora world,2025-04-09
Samsung,"Ini samsung A55 video dan foto, so far semuanya bagus, minusnya (aku selalu setting kamera manual)",0.0,Neutral,,,2025-04-09 11:05:18+00:00,,,skyindahh,https://pbs.twimg.com/media/GoE5yb2agAAFFrP?format=jpg&name=small,https://pbs.twimg.com/profile_images/1672579018183548928/BIvkH74i_bigger.jpg,Unknown,req dm delay. Mt after dm,2025-04-09
Samsung,"China is indeed an amazing country and culture. That said they were SO FAR behind the US until we basically gave them what they have. A quick summary of AI chips, manufacturing and design.
Foundary: TMSC, Samsung, Intel - Taiwan, S. Korea, US
Chip Design: NVDIA, AMD, Intel,",0.5859,Positive,,,2025-04-09 11:05:13+00:00,,,lesser_mfl,Not Available,https://pbs.twimg.com/profile_images/1125745237555544064/ZsFP-8v0_bigger.jpg,Unknown,"Florida, USA",2025-04-09
Samsung,Samsung,0.0,Neutral,,,2025-04-09 11:05:10+00:00,,,Wirataniki,Not Available,https://pbs.twimg.com/profile_images/1890815786446651392/1TxUgfX1_bigger.jpg,Unknown,"Dallas, TX",2025-04-09
Samsung,Boleh kaa aku rencana mau beli,0.0,Neutral,,,2025-04-09 11:05:10+00:00,,,MASWONFEEL,Not Available,https://pbs.twimg.com/profile_images/1591734193574137856/xX8CnlUN_bigger.jpg,Unknown,Shopping & Retail,2025-04-09
Samsung,"Samsung  
will see you soon",0.0,Neutral,1,,2025-04-09 11:05:07+00:00,,,anti_casanova,Not Available,https://pbs.twimg.com/profile_images/1908845496153616384/1o1JvmKi_bigger.jpg,Unknown,Unknown,2025-04-09
Samsung,iPhone ve Samsung'a zam kapÄ±da: Maliyeti yÃ¼zde 43 artacak  https://yooksa.com/2025/04/09/iphone-ve-samsunga-zam-kapida-maliyeti-yuzde-43-artacak/â€¦  #yooksa #sondakika,0.0,Neutral,,,2025-04-09 11:05:02+00:00,"#yooksa, #sondakika",,yooksacom,Not Available,https://pbs.twimg.com/profile_images/1863173687085522944/kGVC9EH9_bigger.jpg,Unknown,Media & News,2025-04-09
Samsung,Jangan samsung bun. Nnt garet-garet,0.0,Neutral,,,2025-04-09 11:04:57+00:00,,,nidnudd_,Not Available,https://pbs.twimg.com/profile_images/1908921901902372864/TLK-Uve6_bigger.jpg,Unknown,Unknown,2025-04-09
Samsung,à¤…à¤­à¥€ à¤­à¥€ à¤¹à¥ˆ à¥¤ Only à¤¤à¥à¤® à¤œà¥ˆà¤¸à¥‡ à¤šà¤®à¤šà¥‹à¤‚ à¤•à¥‡ à¤ªà¥à¤°à¤§à¤¾à¤¨ à¤®à¤‚à¤¤à¥à¤°à¥€ à¤¹à¥ˆà¥¤,0.0,Neutral,,,2025-04-09 11:04:54+00:00,,,F54Samsung81043,Not Available,https://pbs.twimg.com/profile_images/1772260377956409344/JNPiyHiD_bigger.png,Unknown,à¤…à¤–à¤‚à¤¡ à¤­à¤¾à¤°à¤¤,2025-04-09
Samsung,"1. Pelo link que vou deixar aqui, vocÃª jÃ¡ comeÃ§a com R$5 na conta, e alÃ©m do desconto, vocÃª ainda ganha 15% de cashback ao adquirir o S25 no site da Samsung! Ou seja, vocÃª compra e ainda recebe de volta.",-0.3595,Negative,1,,2025-04-09 11:04:53+00:00,,,lobaopromo,Not Available,https://pbs.twimg.com/profile_images/1862829343057104896/5umJu3R1_bigger.jpg,Unknown,Merchandising Service,2025-04-09
Samsung,Samsung,0.0,Neutral,,,2025-04-09 11:04:50+00:00,,,KosyAmalu,Not Available,https://pbs.twimg.com/profile_images/1874025804331413504/y6mfgQ4D_bigger.jpg,Unknown,Medical & Health,2025-04-09
Samsung,Ok lepas ni pakai samsung,0.296,Positive,,,2025-04-09 11:04:49+00:00,,,atiqahtalib,Not Available,https://pbs.twimg.com/profile_images/1073137814135439360/DYAOPjjg_bigger.jpg,Unknown,Shah Alam,2025-04-09
Samsung,NTM93P,0.0,Neutral,,,2025-04-09 11:04:47+00:00,,,KnightofSamsung,Not Available,https://pbs.twimg.com/profile_images/1819806562048745472/72YBFlDW_bigger.jpg,Unknown,Science & Technology,2025-04-09
Samsung,Saran aja kalau mau beli samsung usahain jgn yang pake chipset exynos,0.0,Neutral,,,2025-04-09 11:04:47+00:00,,,mamezawaa,Not Available,https://pbs.twimg.com/profile_images/1902640654980952064/o79Tahfb_bigger.jpg,Unknown,Jigoku,2025-04-09
Samsung,"@michaelkowaiser
 @rnisnnye
 I finally posted SOMETHING (i have alot of wips)",0.0,Neutral,,,2025-04-09 11:04:47+00:00,,"@michaelkowaiser, @rnisnnye",NormalSamsung,Not Available,https://pbs.twimg.com/profile_images/1902249300752584704/pYTDN8XG_bigger.jpg,Unknown,ur mama,2025-04-09
Samsung,Your fitness deserves a tech upgrade. Explore how Samsung Wearables turn effort into results. #HealthWatch,0.2732,Positive,,,2025-04-09 11:04:45+00:00,#HealthWatch,,danish____x,https://pbs.twimg.com/media/GoFZPgOXcAAH4Xd?format=jpg&name=small,https://pbs.twimg.com/profile_images/1778990299500711936/oNz9iHB-_bigger.jpg,Unknown,Delhi,2025-04-09
Samsung,ì–´ ìš°ë¦¬ë¼ë„ê°€ ì ìˆ˜ ì£¼ë©´ ë„ˆë„¤ë“¤ì´ ì ìˆ˜ ë” ë‚´,0.0,Neutral,,,2025-04-09 11:04:43+00:00,,,LuvuSamsung,Not Available,https://pbs.twimg.com/profile_images/1839556285907587072/k81-iSPH_bigger.jpg,Unknown,ëŒ€í•œë¯¼êµ­,2025-04-09
Samsung,"Samsung ÑƒĞ´Ğ°Ğ»Ğ¸Ğ»Ğ° Ğ½ĞµÑĞºĞ¾Ğ»ÑŒĞºĞ¾ ÑĞ¼Ğ°Ñ€Ñ‚Ñ„Ğ¾Ğ½Ğ¾Ğ² Ğ¸Ğ· ÑĞ¿Ğ¸ÑĞºĞ° Ğ¿Ğ¾Ğ´Ğ´ĞµÑ€Ğ¶Ğ¸Ğ²Ğ°ĞµĞ¼Ñ‹Ñ…

http://rozetked.me/news/38643",0.0,Neutral,,,2025-04-09 11:04:42+00:00,,,rozetked,https://pbs.twimg.com/media/GoFrDWxWwAAO7QY?format=jpg&name=small,https://pbs.twimg.com/profile_images/1803175474677366784/RMu1pvnL_bigger.jpg,Unknown,Media & News Company,2025-04-09
Samsung,"Samsung Ads y 
@magnite
 amplÃ­an su colaboraciÃ³n para mejorar el addressability en televisiÃ³n en streaming 

El objetivo es optimizar el addressability de audiencias en TV streaming, utilizando Magnite Access para gestionar datos de comportamiento.",0.0,Neutral,,,2025-04-09 11:04:42+00:00,,@magnite,programaticaly,Not Available,https://pbs.twimg.com/profile_images/1900568080129859584/s5E-MzBQ_bigger.png,Unknown,Media & News Company,2025-04-09
Samsung,Samsung s10e sharp pass am.,0.0,Neutral,,,2025-04-09 11:04:41+00:00,,,COlisemeka,Not Available,https://pbs.twimg.com/profile_images/1840497410843226112/bF2OTvI7_bigger.jpg,Unknown,Advertising & Marketing Agency,2025-04-09
Samsung,Health is evolving. Are you keeping up? Samsung Wearables help you stay ahead of the curve. #HealthWatch,0.4019,Positive,,,2025-04-09 11:04:39+00:00,#HealthWatch,,miss_aasma10950,https://pbs.twimg.com/media/GoFZPgOXcAAH4Xd?format=jpg&name=small,https://pbs.twimg.com/profile_images/1794616599451930624/qMJfMZZC_bigger.jpg,Unknown,Gajiyabad,2025-04-09
Samsung,Samsung,0.0,Neutral,,,2025-04-09 11:04:33+00:00,,,sassy_sardines,Not Available,https://pbs.twimg.com/profile_images/1896826381931053056/BpNCRT6n_bigger.jpg,Unknown,Queen Street,2025-04-09
Samsung,No its not .. We unlocked one Samsung when my cousin passed away in accident,-0.6486,Negative,,,2025-04-09 11:04:31+00:00,,,Nadia99K,Not Available,https://pbs.twimg.com/profile_images/1798015600213598208/jX3zGjog_bigger.jpg,Unknown,Islamabad,2025-04-09
Samsung,"#wts #zonabu #zonauang mampir dong siapa tau minat, samsung z flip 4 resmi indo yahh",0.0,Neutral,,,2025-04-09 11:04:24+00:00,"#wts, #zonabu, #zonauang",,cimoregal,https://pbs.twimg.com/media/GoBZ7lObwAA--WT?format=jpg&name=small,https://pbs.twimg.com/profile_images/1639979256024555520/yenO_D5q_bigger.jpg,Unknown,Unknown,2025-04-09
Samsung,"Nawa for una 
Samsung is the best",0.6369,Positive,1,,2025-04-09 11:04:07+00:00,,,phyzeeblinkz,Not Available,https://pbs.twimg.com/profile_images/1904264796217790464/rr6xGxcj_bigger.jpg,Unknown,Earth,2025-04-09
Samsung,Iâ€™m all about that Samsung life.,0.0,Neutral,,,2025-04-09 11:04:07+00:00,,,arjmxrell,Not Available,https://pbs.twimg.com/profile_images/1816195389713780736/bfyoEB3Y_bigger.jpg,Unknown,ğ•,2025-04-09
Samsung,VBSHJU,0.0,Neutral,,,2025-04-09 11:04:06+00:00,,,KnightofSamsung,Not Available,https://pbs.twimg.com/profile_images/1819806562048745472/72YBFlDW_bigger.jpg,Unknown,Science & Technology,2025-04-09
Samsung,Ø®Ø§Øµ Ø­Ø¨ÙŠØ¨ÙŠ,0.0,Neutral,,,2025-04-09 11:04:04+00:00,,,Samsung78714830,Not Available,https://pbs.twimg.com/profile_images/1583099828334100482/BDsaOnG3_bigger.png,Unknown,Ø§Ù„Ù…Ù…Ù„ÙƒØ© Ø§Ù„Ø£Ø±Ø¯Ù†ÙŠØ© Ø§Ù„Ù‡Ø§Ø´Ù…ÙŠØ©,2025-04-09
Samsung,"Open Rent S24U & S25U

WTR S24U & S25U | Sewa Samsung S24 Ultra & S25 Ultra u/ Konser, Fansign, Fancon, Fanmeeting


TAEYEON
DAY6
JHOPE D2
BAEMON",0.0,Neutral,,,2025-04-09 11:04:02+00:00,,,deokjilmart,https://pbs.twimg.com/media/GoFq5G0bwAAXpCR?format=jpg&name=small,https://pbs.twimg.com/profile_images/1555886512767508480/gdRU1wnX_bigger.jpg,Unknown,Unknown,2025-04-09
Samsung," Samsung Galaxy Buds FE: ANC & Great Sound

 Deal Price: â‚¹4499/-
 MRP: â‚¹12999/-

https://amazon.in/dp/B0CJJS4BPJ?tag=kingz0b4-21â€¦

#SamsungGalaxyBudsFE #WirelessEarbuds #ANC #GalaxyBuds #India",0.6249,Positive,,,2025-04-09 11:04:00+00:00,"#SamsungGalaxyBudsFE, #WirelessEarbuds, #ANC, #GalaxyBuds, #India",,DealsinIND,Not Available,https://pbs.twimg.com/profile_images/1853288994844655616/04ewe1St_bigger.jpg,Unknown,Business Services,2025-04-09
Samsung,SAMSUNG Galaxy Z Fold6 S Pen Case ç´”æ­£ ã‚±ãƒ¼ã‚¹ Sãƒšãƒ³æ­è¼‰ ã‚¹ãƒªãƒ  Sãƒšãƒ³ ã‚±ãƒ¼ã‚¹ Sl... https://amazon.co.jp/dp/B0D9NMK5M5?tag=papalog11-22&linkCode=osi&th=1&psc=1â€¦ #Amazon,0.0,Neutral,,,2025-04-09 11:03:56+00:00,#Amazon,,Papalog11,Not Available,https://pbs.twimg.com/profile_images/1408054167067791372/iKGQr-7Y_bigger.jpg,Unknown,Blogger,2025-04-09
Samsung,Hiori stans this is a joke I swear pls forgive me,0.5267,Positive,,,2025-04-09 11:03:49+00:00,,,NormalSamsung,https://pbs.twimg.com/media/Gn7e0YvXgAAUogZ?format=jpg&name=small,https://pbs.twimg.com/profile_images/1902249300752584704/pYTDN8XG_bigger.jpg,Unknown,ur mama,2025-04-09
Samsung,Jadi aslinya Samsung marah juga sama TKDN ini? Wkwkwkwk,0.0,Neutral,,,2025-04-09 11:03:49+00:00,,,arja_raihan,Not Available,https://abs.twimg.com/sticky/default_profile_images/default_profile_bigger.png,Unknown,Unknown,2025-04-09
Samsung,"ã€Yãƒ¢ãƒã‚¤ãƒ«ã€‘Galaxy A25 5Gã€ç‰¹ä¾¡ã€‘

â– Samsungæ–°å‹ã‚¨ãƒ³ãƒˆãƒªãƒ¼ãƒ¢ãƒ‡ãƒ«å–æ‰±ã„é–‹å§‹
ãƒ»ä¸€æ‹¬ï¼š1å††ï½ 
ãƒ»æ–°è¦/ä»–ç¤¾ã‹ã‚‰ä¹—ã‚Šæ›ãˆ
ãƒ»é€æ–™ç„¡æ–™ã€æœ€çŸ­ã§ãŠå±Šã‘

â€»PayPayãƒã‚¤ãƒ³ãƒˆé‚„å…ƒå®Ÿæ–½ä¸­
â€»å¥‘ç´„å†…å®¹ã¯å…¬å¼ã‚µã‚¤ãƒˆã§ç¢ºèªã—ã‚ˆã†
ã€4/9PRåºƒå‘Šã€‘æ–°å“ã€ç™½ROMã€æ–°è¦ã€MNP",0.0,Neutral,,,2025-04-09 11:03:00+00:00,,,nexusmobile_net,Not Available,https://pbs.twimg.com/profile_images/1107615067225227264/Jm67a8od_bigger.png,Unknown,Tokyo Japan,2025-04-09
Samsung,"Hey there. Not to worry, you'll receive a notification when the update is available! ^KI",0.4015,Positive,,,2025-04-09 11:02:57+00:00,,,SamsungUK,Not Available,https://pbs.twimg.com/profile_images/1684884631727009792/KGUnpTXA_bigger.jpg,Unknown,Science & Technology,2025-04-09
Samsung,Samsung,0.0,Neutral,,,2025-04-09 11:02:56+00:00,,,Jabz_CFC,Not Available,https://pbs.twimg.com/profile_images/1702728743045795840/uJkyrZns_bigger.jpg,Unknown,Unknown,2025-04-09
Samsung,"Otomatis. Lalu ke service center dan harus ganti LCD satu setengah juta. Lalu aku akhirnya ganti Samsung a73 masih 1 tahun setengah eh kena mesin. Padahal penggunaan bagus banget. Akhirnya kapok deh pakai Samsung, meskipun kadang masih tergoda ",0.0,Neutral,,,2025-04-09 11:02:52+00:00,,,m4c4r1u5,Not Available,https://pbs.twimg.com/profile_images/1639204493266132992/SikoSSqe_bigger.jpg,Unknown,Unknown,2025-04-09
Samsung,Samsung,0.0,Neutral,,,2025-04-09 11:02:52+00:00,,,Van_kobi841,Not Available,https://pbs.twimg.com/profile_images/1904795700707139584/UP46PrM8_bigger.jpg,Unknown,Unknown,2025-04-09
Samsung,"Samsung 1.5 Ton Invertor Split Air Condition
For Sale: Second-Hand S ..For more info visit...http://scoolcare.com/latest-update/samsung-1-5-ton-invertor-split-air-condition-for-s/446?utm_source=twitterâ€¦",0.0,Neutral,,,2025-04-09 11:02:50+00:00,,,S_CoolCare,Not Available,https://pbs.twimg.com/profile_images/1886649219580354563/MqClyhtJ_bigger.jpg,Unknown,Jogeshwari West,2025-04-09
Samsung,"Cara aktifkan fitur Best Face di Samsung A56 5G #samsung #galaxyai https://youtube.com/shorts/7d8-OA_r1VE?si=ncDp5jXomQqK_qfgâ€¦ lewat 
@YouTube
 #bestface #samsunga56 #GalaxyA56 #ai 
@samsungID",0.6369,Positive,,,2025-04-09 11:02:45+00:00,"#samsung, #galaxyai, #bestface, #samsunga56, #GalaxyA56, #ai","@YouTube, @samsungID",Achonk98,Not Available,https://pbs.twimg.com/profile_images/1063480759745269761/1kYCVG_s_bigger.jpg,Unknown,Media & News Company,2025-04-09
Samsung,??,0.0,Neutral,,,2025-04-09 11:02:41+00:00,,,Samsung_sums,Not Available,https://pbs.twimg.com/profile_images/1907039256801091584/ZxuYzRX0_bigger.jpg,Unknown,Unknown,2025-04-09
Samsung,No es un error: Amazon liquida al 50 % el televisor mÃ¡s premium de Samsung con panel Neo QLED 8K de 85 pulgadas ,-0.4939,Negative,,,2025-04-09 11:02:40+00:00,,,TopesdeGamaWeb,Not Available,https://pbs.twimg.com/profile_images/1499666980047097857/tQxJ7eG4_bigger.jpg,Unknown,Unknown,2025-04-09
Samsung,Samsung walo ne esi technology ko copy karke flip phone banaye hai ,0.0,Neutral,,,2025-04-09 11:02:39+00:00,,,shyamsundar_17,Not Available,https://pbs.twimg.com/profile_images/1898119834551955456/5bWR8xtq_bigger.jpg,Unknown,Unknown,2025-04-09
Samsung,"tp semenjak gua coba sendiri ni samsung terutama pas udh masuk One UI 6 semuanya langsung berubah, boleh lah setting AOD harus install goodlock dulu,ribet dikit gapapa, tp stabil dann enaknya ituu bener2 gabisa didapetin dr UI lain, apalagi keamanannya,knox vault susah utk diskip",0.0,Neutral,,,2025-04-09 11:02:37+00:00,,,mtaufikh98_,Not Available,https://pbs.twimg.com/profile_images/1503088809147535360/QqhRECfx_bigger.jpg,Unknown,"Kuningan, West Java, Indonesia",2025-04-09
Samsung,Samsung,0.0,Neutral,,,2025-04-09 11:02:36+00:00,,,ItzOvie,Not Available,https://pbs.twimg.com/profile_images/1804807038519611392/AWqo96lY_bigger.jpg,Unknown,Writer,2025-04-09
Samsung,"Alhamdulillah aku pakai samsung A21s selama 5 tahun aman2 aja, Nder. Cuman sekarang udh ganti ke A35s soalnya hp yg lama abis dicuri ",0.0,Neutral,,,2025-04-09 11:02:30+00:00,,,Kohi_biita,Not Available,https://pbs.twimg.com/profile_images/1905389739345367040/pX8AT_wy_bigger.jpg,Unknown,Unknown,2025-04-09
Samsung,When phones were innovative. Not just a battle about whoâ€™s got the biggest screen or longest zoom. Apple and Samsung have made the market shit. Huawei shits on them both for innovation and creation,0.2695,Positive,,,2025-04-09 11:02:25+00:00,,,XXIIIXMCMXCIV,Not Available,https://pbs.twimg.com/profile_images/1534273954227027972/TPCCS70A_bigger.jpg,Unknown,"London, England",2025-04-09
Samsung,"Evm fraud à¤¹à¥ˆ à¤¤à¥‹ à¤¹à¤¿à¤®à¤¾à¤šà¤² à¤•à¥€ à¤¸à¤°à¤•à¤¾à¤° à¤•à¥ˆà¤¸à¥‡ à¤¬à¤¨à¥€ à¤²à¥‹à¤•à¤¸à¤­à¤¾ à¤®à¥‡à¤‚ 40 à¤¸à¥‡ 99 à¤•à¥ˆà¤¸à¥‡ à¤¹à¥à¤ 

à¤šà¤®à¤šà¥‡ à¤¨à¤¹à¥€à¤‚ à¤¹à¥ˆ à¤¹à¤® à¤²à¥‹à¤—",-0.5859,Negative,,,2025-04-09 11:02:24+00:00,,,F54Samsung81043,Not Available,https://pbs.twimg.com/profile_images/1772260377956409344/JNPiyHiD_bigger.png,Unknown,à¤…à¤–à¤‚à¤¡ à¤­à¤¾à¤°à¤¤,2025-04-09
Samsung,Agreed and most the tech in an Apple was developed by Samsung,0.2732,Positive,,,2025-04-09 11:02:21+00:00,,,delarock77again,Not Available,https://pbs.twimg.com/profile_images/1894241045203812352/ysokVVG__bigger.jpg,Unknown,"Nebraska, USA",2025-04-09
Samsung,"tahan banting ka, hpku samsung a03s udh dr 2021 atau 2022 lupa sering jatoh layar pecah batre levelnya udh 15% masi awet seharian 1x charge",0.0,Neutral,,,2025-04-09 11:02:20+00:00,,,ywnznniez,Not Available,https://pbs.twimg.com/profile_images/1783753350988935168/wAD4Q0GZ_bigger.jpg,Unknown,Unknown,2025-04-09
Samsung,"Your ultimate fitness partner

Galaxy Watch7 has everything you need to keep moving toward your health goals. Download the Galaxy Wearable and Samsung Health apps on Google Play, and unlock your true potential.

Head over to the 'Learn' â€¦",0.743,Positive,,,2025-04-09 11:02:16+00:00,,,GawynSamsung,Not Available,https://abs.twimg.com/sticky/default_profile_images/default_profile_bigger.png,Unknown,Unknown,2025-04-09
Samsung,Samsung,0.0,Neutral,,,2025-04-09 11:01:58+00:00,,,Tdm3TheRealOne,https://pbs.twimg.com/media/GoFqbq0WQAAU0q-?format=jpg&name=small,https://pbs.twimg.com/profile_images/1770529692459630592/W1cXScQp_bigger.jpg,Unknown,Artist,2025-04-09
Samsung,"Samsung kuat banget asli. Aku pakai ss sejak sepuluh tahun lalu. Pas tahun baru kemaren lagi kesel kubanting kenceng banget, layar udah pisah sama body-nya masih tetap nyala. Bantingan kedua baru remuk matot.",0.0,Neutral,,,2025-04-09 11:01:47+00:00,,,Rizsyah14,Not Available,https://pbs.twimg.com/profile_images/1903733447103070208/I6hv4eG3_bigger.jpg,Unknown,Padang Lawas Utara,2025-04-09
Samsung,Samsung,0.0,Neutral,,,2025-04-09 11:01:39+00:00,,,omegaspy23,Not Available,https://pbs.twimg.com/profile_images/1900872925340631040/KdenoLOW_bigger.jpg,Unknown,underground,2025-04-09
Samsung,Makasiwww,0.0,Neutral,,,2025-04-09 11:01:29+00:00,,,MASWONFEEL,Not Available,https://pbs.twimg.com/profile_images/1591734193574137856/xX8CnlUN_bigger.jpg,Unknown,Shopping & Retail,2025-04-09
Samsung,"The $400 Moto G Stylus 2025 is hereâ€”with a super-bright 120Hz pOLED screen, AI-powered stylus, and 68W charging. But with only 2 years of OS support, can it compete with Pixel or Samsung?

 http://unbiasedtimes.com
#MotoGStylus #Motorola #AndroidNews #Smartphones",0.5499,Positive,,,2025-04-09 11:01:14+00:00,"#MotoGStylus, #Motorola, #AndroidNews, #Smartphones",,unbiased_times_,https://pbs.twimg.com/media/GoFqQk3XYAA9zhv?format=jpg&name=small,https://pbs.twimg.com/profile_images/1904317885956206592/7ScP4Hlx_bigger.jpg,Unknown,Unknown,2025-04-09
Samsung,"Samsung Galaxy Ring: A Stylish Wearable for Health Enthusiasts

https://health-and-wellness-news.online/samsung-galaxy-ring-a-stylish-wearable-for-health-enthusiasts/â€¦",0.34,Positive,,,2025-04-09 11:01:09+00:00,,,H34lthNWellness,https://pbs.twimg.com/media/GoFqPzRXUAAkhRI?format=jpg&name=small,https://pbs.twimg.com/profile_images/1807711867839614976/gLfuSuZ7_bigger.jpg,Unknown,Unknown,2025-04-09
Samsung,"â€ŒÂ¡Toma descuento!
Samsung Galaxy Watch7 44mm   #Amazon 

Precio Ya 179.00â‚¬ (PVP: +349.00â‚¬)
EmbÃ¡rcate en una nueva era de bienestar con Galaxy Watch7 y Galaxy AI, el aliado perfecto para elevar tu rutina diaria con su potente procesador de 3 nm",0.3802,Positive,,,2025-04-09 11:01:08+00:00,#Amazon,,cholloya,https://pbs.twimg.com/media/GoFqPsAW4AAgaIq?format=jpg&name=small,https://pbs.twimg.com/profile_images/1062641204347748352/vgTTa96E_bigger.jpg,Unknown,Shopping & Retail,2025-04-09
Samsung,"sakit banget hatiku, pake tws soundcare r501 buat muter lagu di app muse scroll ig/tiktok ternyata gabisa, pas pake hp lain bisa: duh samsung bisain plis berasa ga guna beli tws ",0.0,Neutral,,,2025-04-09 11:01:06+00:00,,,joshzymi,Not Available,https://pbs.twimg.com/profile_images/1904632034313854978/7XoT3shY_bigger.jpg,Unknown,"Seventeen, Nct",2025-04-09
Samsung,"à¤¸à¤ªà¤¨à¥‡ à¤²à¥‡à¤¨à¥‡ à¤®à¥‡à¤‚ à¤¬à¥à¤°à¤¾à¤ˆ à¤¨à¤¹à¥€à¤‚ à¤¹à¥ˆ à¥¤ à¤ªà¤° à¤¸à¤ªà¤¨à¥‡ à¤µà¥ˆà¤¸à¥‡ à¤¹à¥€ à¤²à¥‹  à¤œà¥‹ à¤¸à¤«à¤² à¤¹à¥‹ à¤¸à¤•à¥‡ à¥¤ 

à¤¬à¥€à¤œà¥‡à¤ªà¥€ à¤•à¤¾ à¤¦à¥‚à¤¸à¤°à¤¾ à¤¨à¤¾à¤® à¤—à¥à¤œà¤°à¤¾à¤¤ à¤¹à¥ˆ",0.0,Neutral,,,2025-04-09 11:00:51+00:00,,,F54Samsung81043,Not Available,https://pbs.twimg.com/profile_images/1772260377956409344/JNPiyHiD_bigger.png,Unknown,à¤…à¤–à¤‚à¤¡ à¤­à¤¾à¤°à¤¤,2025-04-09
Samsung,Samsung joke,0.296,Positive,,,2025-04-09 11:00:50+00:00,,,ChoCho_133,Not Available,https://pbs.twimg.com/profile_images/1881640866873532416/tbvQwTEM_bigger.jpg,Unknown,"Kota Manado, Sulawesi Utara",2025-04-09
Samsung,One of the best token,0.6369,Positive,,,2025-04-09 11:00:48+00:00,,,samsung08061,Not Available,https://pbs.twimg.com/profile_images/1840254970840465408/73vayPr3_bigger.jpg,Unknown,Unknown,2025-04-09
Samsung,Ä°mkÃ¢nÄ±n varsa Samsung kurutmalÄ± Ã§amaÅŸÄ±r makinesi almanÄ± tavsiye ederim. Sekiz yÄ±ldÄ±r kullanÄ±yorum aÅŸÄ±rÄ± memnunum.,0.0,Neutral,3,,2025-04-09 11:00:43+00:00,,,GunesEryol,Not Available,https://pbs.twimg.com/profile_images/1897674159351648256/hEtBo7Km_bigger.jpg,Unknown,Unknown,2025-04-09
Samsung,Bring home a new Samsung Galaxy Tab A9+ for 29% off,0.0,Neutral,,,2025-04-09 11:00:42+00:00,,,MashableDeals,Not Available,https://pbs.twimg.com/profile_images/1678594575034728449/1dD5sBZi_bigger.jpg,Unknown,Unknown,2025-04-09
Samsung,samsung a15 nih der,0.0,Neutral,,,2025-04-09 11:00:12+00:00,,,cheseeze_,https://pbs.twimg.com/media/GoFqB64bMAAJ0Be?format=jpg&name=small,https://pbs.twimg.com/profile_images/1862851444694548481/jQ4WaP9x_bigger.jpg,Unknown,Unknown,2025-04-09
Samsung,"gua udah pegang semua UI, termasuk hyper os, yg belum hyper os 2, One UI emang kurangnya disitu, tp apaa lu mauu mempermasalahkan hal sepele itu dan lu ngeskip UI yg bener2 stabil, gua dulu juga kek lu, ngejelek2in samsung, gua suka samsung bukan berarti fan korea",0.3182,Positive,,,2025-04-09 11:00:11+00:00,,,mtaufikh98_,Not Available,https://pbs.twimg.com/profile_images/1503088809147535360/QqhRECfx_bigger.jpg,Unknown,"Kuningan, West Java, Indonesia",2025-04-09
Samsung,Samsung sebenarnya bagus tapi minus jgn dibenerin klo rusak sedikit bakal tambah rusak dan jadinya buangÂ² uang,0.0,Neutral,,,2025-04-09 11:00:09+00:00,,,AnnisaClaudia78,Not Available,https://pbs.twimg.com/profile_images/1668161493408567300/hlj-CrZ0_bigger.jpg,Unknown,"Born January 28, 2002",2025-04-09
Samsung,"Galaxy S26 Ultra KamerasÄ±nda Telefoto Devrimi Geliyor

#galaxy26ultra #galaxy #samsung",0.0,Neutral,,,2025-04-09 11:00:03+00:00,"#galaxy26ultra, #galaxy, #samsung",,indir_com,Not Available,https://pbs.twimg.com/profile_images/747736159539838976/1KyDy6F1_bigger.jpg,Unknown,"Ä°stanbul, TÃ¼rkiye",2025-04-09
Samsung,"Will Samsung, SK hynix pass on tariff burden to clients?",-0.4404,Negative,2,1,2025-04-09 11:00:03+00:00,,,koreatimescokr,Not Available,https://pbs.twimg.com/profile_images/1115108193896554496/ZF01WGXs_bigger.png,Unknown,"Seoul, Korea",2025-04-09
Samsung," @Samsung
  y 
@Stanford
  Medicine se unen para mejorar la detecciÃ³n y gestiÃ³n de la #apnea del sueÃ±o con #GalaxyWatch y tecnologÃ­a de #IA. Avanzan hacia una atenciÃ³n proactiva del sueÃ±o en 29 paÃ­ses. 
 https://bit.ly/3E8VufP
#SmartHealth #SaludDigital #ApneaDelSueÃ±o",0.0,Neutral,,,2025-04-09 11:00:02+00:00,"#apnea, #GalaxyWatch, #IA., #SmartHealth, #SaludDigital, #ApneaDelSueÃ±o","@Samsung, @Stanford",SmartCityJour_,Not Available,https://pbs.twimg.com/profile_images/2280266248/logo_bigger.jpg,Unknown,Media & News Company,2025-04-09
Samsung,"What do you prefer?

â€¢ Iphone 
â€¢ Samsung",0.0,Neutral,18,,2025-04-09 11:00:00+00:00,,,kabiran_nabirah,Not Available,https://pbs.twimg.com/profile_images/1603007035167150080/TKYxVSIl_bigger.jpg,Unknown,Unknown,2025-04-09
Samsung,Bendita vos y bendito el Samsung,0.0,Neutral,1,,2025-04-09 10:59:59+00:00,,,SoySattu,Not Available,https://pbs.twimg.com/profile_images/1909211821535272960/vgnJrA1l_bigger.jpg,Unknown,Buenos Aires,2025-04-09
Samsung,Samsung,0.0,Neutral,,,2025-04-09 10:59:54+00:00,,,nitin03_98,Not Available,https://pbs.twimg.com/profile_images/1907731732113272834/86W2Yt55_bigger.jpg,Unknown,HARYANA,2025-04-09
Samsung,Live from the Samsung headquarters...,0.0,Neutral,,,2025-04-09 10:59:38+00:00,,,CantBreak100,Not Available,https://pbs.twimg.com/profile_images/1169832839631605761/4GPSPU-c_bigger.jpg,Unknown,Unknown,2025-04-09
iPhone,iPhoneè»¢å£²æ—ã‚Šãï¼Ÿ,0.0,Neutral,,,2025-04-09 11:14:41+00:00,,,1BQtmlwN2vZ1Flj,https://pbs.twimg.com/media/GoFq_fdagAAL-0M?format=jpg&name=small,https://pbs.twimg.com/profile_images/1774460144996491264/nWkVLfa9_bigger.jpg,Unknown,ãƒã‚¸ã‚«ãƒ«ã‚³ã‚¤ãƒ³ã®å·£çªŸ,2025-04-09
iPhone,"Dan Ives, Global Head of Technology Research at Wedbush Securities, explains how President Donald Trump's tariffs on Chinese goods will affect Apple, warning that the price of an iPhone could soar to around $3,500 if made in the US.",-0.0516,Negative,,,2025-04-09 11:14:41+00:00,,,cailee_rose2,Not Available,https://pbs.twimg.com/profile_images/1851333640392712192/UEf58Lpe_bigger.jpg,Unknown,Unknown,2025-04-09
iPhone,iPhoneã‚‚ãƒ‡ãƒ•ã‚©ãƒ«ãƒˆã§éŒ²ç”»ã§ãã¾ã™ã‚ˆï¼,0.0,Neutral,,,2025-04-09 11:14:41+00:00,,,HYc9i,Not Available,https://pbs.twimg.com/profile_images/1841685626707738624/WRd1j4ap_bigger.jpg,Unknown,Unknown,2025-04-09
iPhone,1å¹´ã¯ã£ã‚„,0.0,Neutral,,,2025-04-09 11:14:40+00:00,,,MuShe63030,Not Available,https://pbs.twimg.com/profile_images/1908100624568446976/MIUi-QcA_bigger.jpg,Unknown,Unknown,2025-04-09
iPhone,"Trump quiere a su Patria, te guste o no, y ademÃ¡s gracias a Ã©l Mucho Medio Pelo sabe que su Preciado Iphone estÃ¡ hecho por sucias manos comunistas.",-0.296,Negative,,,2025-04-09 11:14:40+00:00,,,AlejandroCovre,Not Available,https://pbs.twimg.com/profile_images/1144993865579061248/5Ym0Kf4n_bigger.jpg,Unknown,Unknown,2025-04-09
iPhone,Kkkkk agora trocam bonÃ©s por chapÃ©u de penas.. iPhone por chocalhos kkkk Ã­ndios brasileiros kkkk,0.0,Neutral,,,2025-04-09 11:14:40+00:00,,,KleberMazzolini,Not Available,https://pbs.twimg.com/profile_images/1447010577801428998/HM5e6OSc_bigger.jpg,Unknown,Unknown,2025-04-09
iPhone,IPhone,0.0,Neutral,,,2025-04-09 11:14:39+00:00,,,Adashola1,Not Available,https://pbs.twimg.com/profile_images/1807125451598626816/_b0sVL93_bigger.jpg,Unknown,Unknown,2025-04-09
iPhone,Con 100 Euro o poco piÃ¹ si acquistano telefonini che per l'utilizzo che ne fa la gente comune vanno benissimo. Per chi ha esigenze superiori ci sono modelli davvero performanti che costano molto meno di un iPhone...,0.34,Positive,,,2025-04-09 11:14:39+00:00,,,acdxer,Not Available,https://pbs.twimg.com/profile_images/596016487799910403/-94hX2lY_bigger.jpg,Unknown,Unknown,2025-04-09
iPhone,"A Sifuentes le jode y arde hasta el alma que el PerÃº sea paÃ­s estable econÃ³micamente, cuÃ¡nto quisiera el perro estÃ© que sea un paraÃ­so zurdo como Venezuela, bolivia, Nicaragua, este tipo de coprofago odia el  capitalismo pero bien que viva en uno y hace polÃ­tica barata de iPhone",0.0,Neutral,,,2025-04-09 11:14:36+00:00,,,JoelJordan1401,Not Available,https://pbs.twimg.com/profile_images/1839682222477172736/snDKot3-_bigger.jpg,Unknown,Unknown,2025-04-09
iPhone,ã¤ã„ã«NEW iPhoneã«ã—ã¾ã—ãŸ,0.0,Neutral,,,2025-04-09 11:14:33+00:00,,,Yattuntun_1031,Not Available,https://pbs.twimg.com/profile_images/1881371854184869888/41-XbGtr_bigger.jpg,Unknown,Unknown,2025-04-09
iPhone,"@LiveSmart
 someone claims to be a customer service rep (with a thick indian accent) and informs me that i was selected from a draw for an iphone 15. Can you please alert everyone that this is happening. And please make sure that the privacy of accounts are not compromised.",0.7964,Positive,,,2025-04-09 11:14:31+00:00,,@LiveSmart,arch_lazaro,Not Available,https://pbs.twimg.com/profile_images/1849087472552316929/kB1nzPUI_bigger.jpg,Unknown,Unknown,2025-04-09
iPhone,It did before the iPhone is my point,0.0,Neutral,,,2025-04-09 11:14:30+00:00,,,NoOne13072078,Not Available,https://pbs.twimg.com/profile_images/1434579774077382658/SGFQGazk_bigger.jpg,Unknown,Unknown,2025-04-09
iPhone,vÃ£o toma no cu krl se eu produzo a poha do iPhone ele tem q ser meu sua filha da puta e fds pro iPhone tbm vai toma no cu,-0.5267,Negative,,,2025-04-09 11:14:29+00:00,,,xaropedomel,Not Available,https://pbs.twimg.com/profile_images/1903663825565687808/426XqZMF_bigger.jpg,Unknown,Unknown,2025-04-09
iPhone,Not Found,0.0,Neutral,,,2025-04-09 11:14:28+00:00,,,adorablechat,Not Available,https://pbs.twimg.com/profile_images/1891230822100815872/ft2NzEQO_bigger.jpg,Unknown,Unknown,2025-04-09
iPhone,"ãƒ¢ã‚¤ï¼iPhoneã‹ã‚‰ã‚­ãƒ£ã‚¹é…ä¿¡ä¸­ -
#åˆè¦‹ã•ã‚“å¤§æ­“è¿",0.0,Neutral,,,2025-04-09 11:14:27+00:00,#åˆè¦‹ã•ã‚“å¤§æ­“è¿,,pyon3chi,Not Available,https://pbs.twimg.com/profile_images/1861308298596884481/tlKf1Si__bigger.jpg,Unknown,Unknown,2025-04-09
iPhone,Goodbye iPhone and most smart phones in the #USA for a while unless you wbt to pay double,0.3804,Positive,,,2025-04-09 11:14:22+00:00,#USA,,niknamH,Not Available,https://pbs.twimg.com/profile_images/3193074530/a8648038d8b29b8180449555f037e0df_bigger.jpeg,Unknown,Unknown,2025-04-09
iPhone,"O cara tem foto do Lenin como capa e escreve estadunidenseâ€¦.
Deve amar o DesCondenado! 
Deve ter iphone e trabalhar pouco
NÃ£o deve empregar ou empreender mas viva la revolucionâ€¦.

â€œDentro da revoluÃ§Ã£o, tudo; contra a revoluÃ§Ã£o, nadaâ€",0.0,Neutral,,,2025-04-09 11:14:22+00:00,,,GianSca1970,Not Available,https://pbs.twimg.com/profile_images/1907598216092098560/2TQvdPEy_bigger.jpg,Unknown,Unknown,2025-04-09
iPhone,"Amazon #ad
iPhone 16e ã‚±ãƒ¼ã‚¹ã€ ç£æ°—å……é›»å¯ãƒ»ç±³è»è¦æ ¼ã€‘ã‚¬ãƒ©ã‚¹ãƒ•ã‚¤ãƒ«ãƒ ä»˜ã åŠé€æ˜ ç¬¬å››ä¸–ä»£ ãƒãƒƒãƒˆã‚±ãƒ¼ã‚¹ ã‚¢ã‚¤ãƒ•ã‚©ãƒ³16eã‚±ãƒ¼ã‚¹ è€è¡æ’ƒ ã‚¢ã‚¤ãƒ›ãƒ³ 16Eã‚±ãƒ¼ã‚¹ ãƒã‚°ãƒãƒƒãƒˆæ­è¼‰ é»„ã°ã¿é˜²æ­¢ ã„phone 16e ã‚±ãƒ¼ã‚¹ æŒ‡ç´‹é˜²æ­¢ å‚·é˜²æ­¢ è–„ãã¦è‚Œã«å„ªã—ã„ãƒ‡ã‚¶ã‚¤ãƒ³ ã‚¹",0.1779,Positive,,,2025-04-09 11:14:22+00:00,#ad,,Fire528096,Not Available,https://pbs.twimg.com/profile_images/1592738911171665921/URCphvde_bigger.jpg,Unknown,Unknown,2025-04-09
iPhone,The Triads and Cartels are about to become best buds with the upcoming iphone smuggling arbitrage opps! Free trade makes fast friends,0.8313,Positive,,,2025-04-09 11:14:20+00:00,,,GrdDscntN2Madnz,Not Available,https://pbs.twimg.com/profile_images/1683044722007318528/oT1NDqbV_bigger.jpg,Unknown,Unknown,2025-04-09
iPhone,FSD is the IPhone moment! Its so close and we know its coming,0.0,Neutral,,,2025-04-09 11:14:13+00:00,,,NoOne13072078,Not Available,https://pbs.twimg.com/profile_images/1434579774077382658/SGFQGazk_bigger.jpg,Unknown,Unknown,2025-04-09
iPhone,"@1
è¿…é€Ÿãƒ‡ãƒ¥ã‚ªãƒªãƒ¬ãƒ¼4ã‚»ãƒƒãƒˆ

å‚åŠ è²»ãŒ
@1
200Ã—2

é‹å–¶å¼·ããªã„ã§ã™ã€‚iPhoneå‹¢ã§ã™ã€‚",0.0,Neutral,,,2025-04-09 11:14:13+00:00,,"@1, @1",leoxqlx,Not Available,https://pbs.twimg.com/profile_images/1853321294143729664/DetKDoJt_bigger.jpg,Unknown,Unknown,2025-04-09
iPhone,"Iphone 17 ke? 
Where? ",0.0,Neutral,,,2025-04-09 11:14:11+00:00,,,Noelsnexus,Not Available,https://pbs.twimg.com/profile_images/1809948976520605696/fuT8olmz_bigger.jpg,Unknown,Unknown,2025-04-09
iPhone,vai pagar dez mil dÃ³lares em um iphone simmmmmmm,0.0,Neutral,,,2025-04-09 11:14:10+00:00,,,ysmings,Not Available,https://pbs.twimg.com/profile_images/1909026961847889920/QMcecR5P_bigger.jpg,Unknown,Unknown,2025-04-09
iPhone,Yangu kama hyo upande wapili nch 40â€ smart imevunjika kiooo mtoto alibembea naweza pataa kioo chakee,0.4019,Positive,1,,2025-04-09 11:14:06+00:00,,,OmarioN996,Not Available,https://pbs.twimg.com/profile_images/1495333324616880130/E3N7Qip1_bigger.jpg,Unknown,Unknown,2025-04-09
iPhone,Whatâ€™s absurd is that she using iPhone X Max and talking about 6 figures.,0.0,Neutral,,,2025-04-09 11:14:04+00:00,,,HHolic9,Not Available,https://pbs.twimg.com/profile_images/1871914498505732096/hncz4pqo_bigger.jpg,Unknown,Unknown,2025-04-09
iPhone,Os Ã­ndios de iPhone voltaram,0.0,Neutral,,,2025-04-09 11:14:01+00:00,,,RenatojdNunes,Not Available,https://pbs.twimg.com/profile_images/1590368203737374720/9djNSMbb_bigger.png,Unknown,Unknown,2025-04-09
iPhone,iPhone,0.0,Neutral,,,2025-04-09 11:14:01+00:00,,,adakhan78,Not Available,https://pbs.twimg.com/profile_images/1831370646544068608/X8m_9sUR_bigger.jpg,Unknown,Unknown,2025-04-09
iPhone,ãƒ¢ã‚¤ï¼iPhoneã‹ã‚‰ã‚­ãƒ£ã‚¹é…ä¿¡ä¸­ -^_^,0.0,Neutral,,,2025-04-09 11:13:56+00:00,,,IQ3o_o,Not Available,https://pbs.twimg.com/profile_images/1659896865775824897/g8CShf9n_bigger.jpg,Unknown,Unknown,2025-04-09
iPhone,Iphone 15 pro,0.0,Neutral,,,2025-04-09 11:13:54+00:00,,,Bkntkgpoto,https://pbs.twimg.com/media/GoFtJ-raQAAFA4D?format=jpg&name=small,https://pbs.twimg.com/profile_images/1900540491143491584/JxZLnS-r_bigger.jpg,Unknown,Unknown,2025-04-09
iPhone,Not Found,0.0,Neutral,,,2025-04-09 11:13:47+00:00,,,adorablechat,Not Available,https://pbs.twimg.com/profile_images/1891230822100815872/ft2NzEQO_bigger.jpg,Unknown,Unknown,2025-04-09
iPhone,Iphone,0.0,Neutral,,,2025-04-09 11:13:42+00:00,,,HumorNatureArt,Not Available,https://pbs.twimg.com/profile_images/1865406689320591360/672ioTx1_bigger.jpg,Unknown,Unknown,2025-04-09
iPhone,"ã€Cell Phones & Accessoriesã€‘TOP  14 on 4/9 !
iPhone Charger Fast Charging,[MFi Certified] 2Pack 20W Type C Fast Charger Block with 6FT USB C to Lightning Cable Compatible for iPhone 14/13/12/11 Pro Max/Xs Max/XR/X,iPad
#pr",-0.4926,Negative,,,2025-04-09 11:13:42+00:00,#pr,,aslw3023,Not Available,https://pbs.twimg.com/profile_images/1334026959546843136/mRagPy4p_bigger.jpg,Unknown,Unknown,2025-04-09
iPhone,"ç™½å®«å‘è¨€äººå®£ç§°ï¼ŒiPhoneå°†æ¬å›ç¾å›½å»ºå‚ã€‚
ç†æƒ³è™½ä¸°æ»¡ï¼Œç°å®å´éª¨æ„Ÿã€‚
ç¬¬ä¸€ï¼Œè¦è€ƒè™‘å»ºè®¾å‘¨æœŸï¼Œæ²¡ä¸ªä¸‰å¹´äº”è½½è‚¯å®šä¸æˆï¼Œå½¼æ—¶ç‰¹æœ—æ™®ä¹Ÿä¸‹å°äº†ï¼›
ç¬¬äºŒï¼Œè¦è€ƒè™‘äº§ä¸šé…å¥—ï¼Œæ²¡æœ‰ä¸Šä¸‹æ¸¸äº§ä¸šé“¾ï¼Œå†å¥½çš„ç”Ÿäº§çº¿ä¹Ÿæ˜¯å­¤å²›ï¼›
ç¬¬ä¸‰è¦ï¼Œè€ƒè™‘åŠ³å·¥ç´ è´¨å’ŒäººåŠ›æˆæœ¬ï¼Œèƒ½å¦é«˜è´¨é‡å¹²å¥½è¿™æ´»ã€‚
æˆ‘çœ‹éš¾ï¼",0.0,Neutral,,,2025-04-09 11:13:38+00:00,,,Jiangjinpeng1,https://pbs.twimg.com/media/GoFtF6PawAASzyX?format=jpg&name=small,https://pbs.twimg.com/profile_images/1890405989624766464/_-KBpCWq_bigger.jpg,Unknown,Unknown,2025-04-09
iPhone,"@PressSec
 you are so funny! Who will pay 2500$ for an iPhone?",0.5623,Positive,,,2025-04-09 11:13:32+00:00,,@PressSec,Cristian_Brates,Not Available,https://pbs.twimg.com/profile_images/1827749762923110400/I67eW3-U_bigger.jpg,Unknown,Unknown,2025-04-09
iPhone,ã€æ•´å‚™æ¸ˆã¿å“ã€‘ Apple iPhone 13 Pro Max 512GB ã‚°ãƒ©ãƒ•ã‚¡ã‚¤ãƒˆ SIMãƒ•ãƒªãƒ¼ (æ•´å‚™æ¸ˆã¿å“) #ad,0.0,Neutral,,,2025-04-09 11:13:32+00:00,#ad,,flfl_riri,Not Available,https://pbs.twimg.com/profile_images/1756569929388859392/rVm4H7i4_bigger.jpg,Unknown,Unknown,2025-04-09
iPhone,"The Suame District Court has remanded seven military officers for two weeks over the alleged assault of three civilians, which reportedly resulted in the deaths of two, following a case involving a missing iPhone 15.

According to reports, the officers apprehended the three",-0.7184,Negative,6,2,2025-04-09 11:13:30+00:00,,,eddie_wrt,Not Available,https://pbs.twimg.com/profile_images/1846597795186089984/VBTjvWz8_bigger.jpg,Unknown,Unknown,2025-04-09
iPhone,"ã€é«˜é¨°æƒ…å ±ã€‘#ãƒ‡ãƒ¥ã‚¨ãƒé«˜é¨°

sssç´šå¤©ç½ãƒ‡ãƒƒãƒ‰ãƒ€ãƒ ãƒ‰

2æš777å†† â†’ 999å††ã«é«˜é¨°(å‡ºå“ä¸­æœ€å®‰1555)

ãƒãƒ­ãƒ ã«ä½¿ã‚ã‚Œå§‹ã‚ã¦ã‹ã‚‰æ¯ã‚ŒãŸå°è±¡

 sssç´šå¤©ç½ãƒ‡ãƒƒãƒ‰ãƒ€ãƒ ãƒ‰ã€€ã®å‡ºå“ã¯ã“ã¡ã‚‰
(â€»iPhoneã¯å°‘ã—ä¸Šã«ã‚¹ã‚¯ãƒ­ãƒ¼ãƒ«â†’å³ä¸Šã€Œã‚¢ãƒ—ãƒªã§é–‹ãã€)",0.0,Neutral,,,2025-04-09 11:13:21+00:00,,,DM_koutou_syu,https://pbs.twimg.com/media/GoFtCC5acAEU8iX?format=jpg&name=900x900,https://pbs.twimg.com/profile_images/1877266462869696514/Bmw9SxfB_bigger.jpg,Unknown,Unknown,2025-04-09
iPhone,"Aprendeu a falar ""socialista de iPhone"" jÃ¡ pode ser candidata pelo PL em 26.",0.0,Neutral,,,2025-04-09 11:13:19+00:00,,,pantinzento,Not Available,https://pbs.twimg.com/profile_images/1752772349273804800/TEcHFkd1_bigger.jpg,Unknown,Unknown,2025-04-09
iPhone,buen dÃ­a para todos menos para los que tienen iPhone y se sacan fotos horribles ajodjaks villeros,-0.4767,Negative,,,2025-04-09 11:13:19+00:00,,,lilhasu,Not Available,https://pbs.twimg.com/profile_images/1904574705333342208/iD0FpJuu_bigger.jpg,Unknown,Unknown,2025-04-09
iPhone,Are you ready to pay $3000 for the new iphone release? Or maybe an extra grand for a new tv? Let alone 30-50% on daily groceries? because simply there's not enough production to cover the population without imports,0.5632,Positive,,,2025-04-09 11:13:18+00:00,,,AntonisHad34062,Not Available,https://pbs.twimg.com/profile_images/1676998005315063808/6BhnRror_bigger.jpg,Unknown,Unknown,2025-04-09
iPhone,"ÙÙŠÙˆØ±Ù†ØªÙŠÙ†Ø§ Ù„ÙŠÙ„ Ø£ØªÙ„ØªÙŠÙƒÙˆ Ù…Ø¯Ø±ÙŠØ¯ Ø³Ø¨Ø§Ø±ØªØ§ Ø±ÙˆØªØ±Ø¯Ø§Ù… ÙÙŠÙ†ÙŠØ³ÙŠØ§ ØºØ±ÙˆÙ†ÙŠÙ†ØºÙ†

ÚªÛ†Ø¯ Ø®Ø¶Ù… Ù…Ø¨Ø§Ø´Ø±

â–¬Ø¥ÙŠÙ‡Ù®Ø±Ø¨â–¬ â† CNU3074

âØªÙÙŠÙ…ÙˆÙâ â† acs678251",0.0,Neutral,,,2025-04-09 11:13:18+00:00,,,Gemz_iphone,Not Available,https://pbs.twimg.com/profile_images/1829875832552120321/l8ZdbZPb_bigger.jpg,Unknown,Unknown,2025-04-09
iPhone,ç«‹è®¯ç²¾å¯†è‘£äº‹é•¿ç‹æ¥æ˜¥è¡¨ç¤ºï¼Œè¿™å®¶ iPhone å’Œ AirPods åˆ¶é€ å•†æ­£åœ¨ä¸å®¢æˆ·æ´½è°ˆï¼Œå°†ç”Ÿäº§ä»ä¸­å›½è½¬ç§»åˆ°ç¾å›½ï¼ˆè·¯é€ç¤¾ï¼‰,0.0,Neutral,,,2025-04-09 11:13:18+00:00,,,ANDREW_FDWT,Not Available,https://pbs.twimg.com/profile_images/1754652367205584896/O9PwrveT_bigger.jpg,Unknown,Unknown,2025-04-09
iPhone,"ï¾—ï¾‹ï¾Ÿï¾ãã‚“ã‚‚å‡ºå‹¤æ™‚ã«é“ç«¯ã«å’²ã„ã¦ã‚‹æ¡œã¨æ’®ã£ãŸã‚ˆã€‚
iPhoneã‚«ãƒ¡ãƒ©ã€æ’®å½±æ™‚é–“5ç§’ã€‚",0.0,Neutral,2,1,2025-04-09 11:13:17+00:00,,,A6Avant_222,https://pbs.twimg.com/media/GoFtAepbQAAo1D0?format=jpg&name=small,https://pbs.twimg.com/profile_images/1885028101740257280/opkK2L6N_bigger.jpg,Unknown,Unknown,2025-04-09
iPhone,"Nuovo video online!!
â€¢
â€¢
LINK: https://youtu.be/DlzcdQ40Kjg?si=xyyKVs-g-trIQrm0â€¦
â€¢
#youtube #Apple #iPhone #iPhone16 #AppleEvent",0.0,Neutral,1,,2025-04-09 11:13:15+00:00,"#youtube, #Apple, #iPhone, #iPhone16, #AppleEvent",,iMatteo_Pau,https://pbs.twimg.com/media/GoFtA_lWIAA9AoQ?format=jpg&name=small,https://pbs.twimg.com/profile_images/1755950966568837120/cfa_kiwD_bigger.jpg,Unknown,Unknown,2025-04-09
iPhone,ãƒ¢ã‚¤ï¼iPhoneã‹ã‚‰ã‚­ãƒ£ã‚¹é…ä¿¡ä¸­ -ã‚ãƒ¼,0.0,Neutral,,,2025-04-09 11:13:14+00:00,,,na____zz,Not Available,https://pbs.twimg.com/profile_images/1473640182348148740/jZMaUdba_bigger.jpg,Unknown,Unknown,2025-04-09
iPhone,"à¸„à¸§à¸²à¸¡à¸£à¸¹à¹‰à¹ƒà¸«à¹‰ 3 à¹à¸•à¹ˆà¸„à¸§à¸²à¸¡à¸¡à¸±à¹ˆà¸™à¹€à¸•à¹‡à¸¡ 10 
#à¸—à¸£à¸±à¸¡à¸›à¹Œà¸›à¸£à¸°à¸à¸²à¸¨à¸‚à¸¶à¹‰à¸™à¸ à¸²à¸©à¸µ #à¸ˆà¸µà¸™ #iphone #à¸ªà¸‡à¸„à¸£à¸²à¸¡à¸à¸²à¸£à¸„à¹‰à¸² #à¹‚à¸”à¸™à¸±à¸¥à¸—à¸£à¸±à¸¡à¸›à¹Œ",0.0,Neutral,,,2025-04-09 11:13:12+00:00,"#à¸—à¸£à¸±à¸¡à¸›à¹Œà¸›à¸£à¸°à¸à¸²à¸¨à¸‚à¸¶à¹‰à¸™à¸ à¸²à¸©à¸µ, #à¸ˆà¸µà¸™, #iphone, #à¸ªà¸‡à¸„à¸£à¸²à¸¡à¸à¸²à¸£à¸„à¹‰à¸², #à¹‚à¸”à¸™à¸±à¸¥à¸—à¸£à¸±à¸¡à¸›à¹Œ",,Pearl_Panmile,https://pbs.twimg.com/media/GoFs_4nbsAEiHVq?format=jpg&name=small,https://pbs.twimg.com/profile_images/1785333647962439680/k0s9rHBe_bigger.jpg,Unknown,Unknown,2025-04-09
iPhone,"@1
è¿…é€Ÿãƒ‡ãƒ¥ã‚ªãƒªãƒ¬ãƒ¼4ã‚»ãƒƒãƒˆ

å‚åŠ è²»ãŒ
@1
200Ã—2

é‹å–¶å¼·ããªã„ã§ã™ã€‚iPhoneå‹¢ã§ã™ã€‚",0.0,Neutral,,,2025-04-09 11:13:11+00:00,,"@1, @1",leoxqlx,Not Available,https://pbs.twimg.com/profile_images/1853321294143729664/DetKDoJt_bigger.jpg,Unknown,Unknown,2025-04-09
iPhone,"Moin 
@DHLPaket
, das Umbenennen von Paketen in der iPhone App funktioniert nicht. Bei allen Paketen springt der Name zurÃ¼ck auf â€DHL Sendungâ€œ. Ist die StÃ¶rung bekannt?",-0.5994,Negative,,,2025-04-09 11:13:05+00:00,,@DHLPaket,BrinkmannBS,Not Available,https://abs.twimg.com/sticky/default_profile_images/default_profile_bigger.png,Unknown,Unknown,2025-04-09
iPhone,Iâ€™ll stop buying iPhone then.,-0.296,Negative,1,,2025-04-09 11:13:03+00:00,,,alfchua,Not Available,https://pbs.twimg.com/profile_images/1831378499522940928/H3rizeRK_bigger.jpg,Unknown,Unknown,2025-04-09
iPhone,"Yes, I can verify the claims. Apple is indeed shifting iPhone production to India to avoid high U.S. tariffs on Chinese goods (54% vs. 26% for India), with reports confirming shipments already underway. China earns roughly $70B annually from Apple, based on FY24 revenue estimates",0.128,Positive,,,2025-04-09 11:13:00+00:00,,,grok,https://pbs.twimg.com/media/GnOlAPnXwAArBC7?format=jpg&name=small,https://pbs.twimg.com/profile_images/1893219113717342208/Vgg2hEPa_bigger.jpg,Unknown,Unknown,2025-04-09
iPhone," TRENDING NOW 
Foldable 3 in 1 Wireless Charging Station for Apple Compatible with Magsafe Charger Stand,Magnetic Wireless Charger Station for iPhone 16 15 14 13 12 Series,Airpods Pro,Apple Watch(Black)

Regular: $39.95
Hot Deal: $28.79
Total Savings: $11.16 (28% OFF)! ",0.0,Neutral,,,2025-04-09 11:13:00+00:00,,,ClickandSaveonX,https://pbs.twimg.com/media/GoBFMjIbwAUwLRL?format=jpg&name=small,https://pbs.twimg.com/profile_images/1870271264147025922/ZhZylwNo_bigger.jpg,Unknown,Unknown,2025-04-09
iPhone,"Amazon #ad
ã‚¹ãƒãƒ¼ãƒˆãƒªãƒ³ã‚° å¥åº·ç®¡ç† ã€2024å¹´æ–°ç™»å ´ & 12æ—¥é–“ä½¿ç”¨å¯èƒ½ã€‘ Android/Iphoneå¯¾å¿œ ç¡çœ ç®¡ç† ã‚¹ãƒãƒ¼ãƒˆæŒ‡è¼ª ãƒ˜ãƒ«ã‚¹ã‚±ã‚¢ 8ç¨®é¡é‹å‹•ãƒ¢ãƒ¼ãƒ‰ 3ç¨®é¡ãƒ‡ãƒ¼ã‚¿æ¸¬å®šæ©Ÿèƒ½ IP68é˜²æ°´USBç£æ°—å……é›» ã‚«ãƒ¡ãƒ©åˆ¶å¾¡ å°å‹ è¶…è»½é‡ ã‚«ãƒ­ãƒªãƒ¼ é‹å‹•è·é›¢ æ­©æ•°è¨ˆ æ´»å‹•é‡è¨ˆ sm",0.1779,Positive,,,2025-04-09 11:12:59+00:00,#ad,,Fire528096,Not Available,https://pbs.twimg.com/profile_images/1592738911171665921/URCphvde_bigger.jpg,Unknown,Unknown,2025-04-09
iPhone,æ˜”ã‚±ãƒ¼ã‚¿ã‚¤ã«ã„ãŸããƒ¼ã¾ã‚“ã£ã¦ã‚­ãƒ£ãƒ©iPhoneã«ã‚‚ã„ã¦ã»ã—ã„,0.0,Neutral,,,2025-04-09 11:12:55+00:00,,,Qumata727,Not Available,https://pbs.twimg.com/profile_images/1891218714663813120/yVFjFO_t_bigger.jpg,Unknown,Unknown,2025-04-09
iPhone,ãƒ¢ã‚¤ï¼iPhoneã‹ã‚‰ã‚­ãƒ£ã‚¹é…ä¿¡ä¸­ -ãƒ¢ã‚¤,0.0,Neutral,,,2025-04-09 11:12:54+00:00,,,0703__black,Not Available,https://pbs.twimg.com/profile_images/1602686294110351360/d7lUaBT__bigger.jpg,Unknown,Unknown,2025-04-09
iPhone,"ãƒ¢ã‚¤ï¼iPhoneã‹ã‚‰ã‚­ãƒ£ã‚¹é…ä¿¡ä¸­ -
KAZUKIã ã‚ˆã£

#DJ",0.0,Neutral,,,2025-04-09 11:12:51+00:00,#DJ,,3y3s_kazuking,Not Available,https://pbs.twimg.com/profile_images/1881731080124022784/aEquAXeB_bigger.jpg,Unknown,åƒè‘‰çœŒæŸæ‰€éŸ³æ¥½ã¨é…’ãŒã‚ã‚‹æ‰€æ°´æ›œåœŸæ›œã¯ã»ã¼ç›®é»’ã‹æ¸‹è°·ã«ã„ã‚‹,2025-04-09
iPhone," TRENDING NOW 
Foldable 3 in 1 Wireless Charging Station for Apple Compatible with Magsafe Charger Stand,Magnetic Wireless Charger Station for iPhone 16 15 14 13 12 Series,Airpods Pro,Apple Watch(Black)

Regular: $39.95
Hot Deal: $28.79
Total Savings: $11.16 (28% OFF)! ",0.0,Neutral,,,2025-04-09 11:13:00+00:00,,,ClickandSaveonX,https://pbs.twimg.com/media/GoBFMjIbwAUwLRL?format=jpg&name=small,https://pbs.twimg.com/profile_images/1870271264147025922/ZhZylwNo_bigger.jpg,Unknown,Unknown,2025-04-09
iPhone,"Amazon #ad
ã‚¹ãƒãƒ¼ãƒˆãƒªãƒ³ã‚° å¥åº·ç®¡ç† ã€2024å¹´æ–°ç™»å ´ & 12æ—¥é–“ä½¿ç”¨å¯èƒ½ã€‘ Android/Iphoneå¯¾å¿œ ç¡çœ ç®¡ç† ã‚¹ãƒãƒ¼ãƒˆæŒ‡è¼ª ãƒ˜ãƒ«ã‚¹ã‚±ã‚¢ 8ç¨®é¡é‹å‹•ãƒ¢ãƒ¼ãƒ‰ 3ç¨®é¡ãƒ‡ãƒ¼ã‚¿æ¸¬å®šæ©Ÿèƒ½ IP68é˜²æ°´USBç£æ°—å……é›» ã‚«ãƒ¡ãƒ©åˆ¶å¾¡ å°å‹ è¶…è»½é‡ ã‚«ãƒ­ãƒªãƒ¼ é‹å‹•è·é›¢ æ­©æ•°è¨ˆ æ´»å‹•é‡è¨ˆ sm",0.1779,Positive,,,2025-04-09 11:12:59+00:00,#ad,,Fire528096,Not Available,https://pbs.twimg.com/profile_images/1592738911171665921/URCphvde_bigger.jpg,Unknown,Unknown,2025-04-09
iPhone,æ˜”ã‚±ãƒ¼ã‚¿ã‚¤ã«ã„ãŸããƒ¼ã¾ã‚“ã£ã¦ã‚­ãƒ£ãƒ©iPhoneã«ã‚‚ã„ã¦ã»ã—ã„,0.0,Neutral,,,2025-04-09 11:12:55+00:00,,,Qumata727,Not Available,https://pbs.twimg.com/profile_images/1891218714663813120/yVFjFO_t_bigger.jpg,Unknown,Unknown,2025-04-09
iPhone,ãƒ¢ã‚¤ï¼iPhoneã‹ã‚‰ã‚­ãƒ£ã‚¹é…ä¿¡ä¸­ -ãƒ¢ã‚¤,0.0,Neutral,,,2025-04-09 11:12:54+00:00,,,0703__black,Not Available,https://pbs.twimg.com/profile_images/1602686294110351360/d7lUaBT__bigger.jpg,Unknown,Unknown,2025-04-09
iPhone,"ãƒ¢ã‚¤ï¼iPhoneã‹ã‚‰ã‚­ãƒ£ã‚¹é…ä¿¡ä¸­ -
KAZUKIã ã‚ˆã£

#DJ",0.0,Neutral,,,2025-04-09 11:12:51+00:00,#DJ,,3y3s_kazuking,Not Available,https://pbs.twimg.com/profile_images/1881731080124022784/aEquAXeB_bigger.jpg,Unknown,åƒè‘‰çœŒæŸæ‰€éŸ³æ¥½ã¨é…’ãŒã‚ã‚‹æ‰€æ°´æ›œåœŸæ›œã¯ã»ã¼ç›®é»’ã‹æ¸‹è°·ã«ã„ã‚‹,2025-04-09
iPhone,"iPhoneã®å ´åˆã€ã‚«ãƒ¡ãƒ©ãƒ­ãƒ¼ãƒ«ã®ã¨ã“ã‚ãŒéŸ³å£°offè¨­å®šã«ãªã£ã¦ã‚‹ã¨æŠ•ç¨¿ã«éŸ³ãŒåæ˜ ã•ã‚Œãªã„ã“ã¨ã‚ã‚‹ã‚ˆã†ãªâ€¦
ä¼ã‚ã‚Šã«ãã„ã®ã¨ã€è¦‹å½“é•ã„ã ã£ãŸã‚‰ã™ã¿ã¾ã›ã‚“ç¬‘",0.0,Neutral,,,2025-04-09 11:12:48+00:00,,,goiryoku_naiyo,https://pbs.twimg.com/media/GoFsx8na8AAdjEY?format=jpg&name=small,https://pbs.twimg.com/profile_images/1378178528911351808/HrWZdsZh_bigger.jpg,Unknown,ã„ã£ã±ã„ãŸã¹ã‚‹ãã¿ãŒã™ã,2025-04-09
iPhone,"@1
è¿…é€Ÿãƒ‡ãƒ¥ã‚ªãƒªãƒ¬ãƒ¼4ã‚»ãƒƒãƒˆ

å‚åŠ è²»ãŒ
@1
200Ã—2

é‹å–¶å¼·ããªã„ã§ã™ã€‚iPhoneå‹¢ã§ã™ã€‚",0.0,Neutral,,,2025-04-09 11:12:47+00:00,,"@1, @1",leoxqlx,Not Available,https://pbs.twimg.com/profile_images/1853321294143729664/DetKDoJt_bigger.jpg,Unknown,Unknown,2025-04-09
iPhone,"ã€Cell Phones & Accessoriesã€‘TOP  13 on 4/9 !
4Pack [Apple MFi Certified] Charger Lightning to USB Charging Cable Cord Compatible iPhone 14/13/12/11 Pro/11/XS MAX/XR/8/7/6s Plus,iPad Pro/Air/Mini,iPod Touch
#pr",0.0,Neutral,,,2025-04-09 11:12:45+00:00,#pr,,aslw3023,Not Available,https://pbs.twimg.com/profile_images/1334026959546843136/mRagPy4p_bigger.jpg,Unknown,Unknown,2025-04-09
iPhone,Mais ces mÃªmes franÃ§ais ont le dernier iphone ,0.0,Neutral,,,2025-04-09 11:12:42+00:00,,,Greg_Le_Caribou,Not Available,https://pbs.twimg.com/profile_images/1280501801628905477/755Hg_Kh_bigger.jpg,Unknown,Unknown,2025-04-09
iPhone,"ç™ºé”éšœå®³ã‚ã‚‹ã‹ã‚‰è‰²ã€…æ•æ„Ÿï¼Ÿéæ•ï¼Ÿã‚„ã£ãŸã‚Šã™ã‚‹æ‰€ã‚ã‚‹ã‹ã‚‰ä»•æ–¹ãªã„ã‚“ã‹ãªâ€¦
ãŸã ã€ADHDç‰¹æœ‰ã®ã‚ˆãç‰©ãªãã™ç™–ã‚ã‚‹ã‹ã‚‰ã¾ã ãƒ­ãƒ¼ãƒ³æ®‹ã£ã¦ã‚‹iPhoneç„¡ãã•ã‚ŒãŸã‚‰å›°ã‚‹â€¦ï½—
ä½•ä¸‡å††ã‚‚å…¥ã£ãŸãŠå¹´ç‰å…¥ã‚ŒãŸãƒªãƒ¥ãƒƒã‚¯ã‚’ãƒˆã‚¤ãƒ¬ã«ç½®ãã‚ã™ã‚Œã¦ããŸéå»ã‚‚ã‚ã‚‹ã—ãªâ€¦ï½—",0.0,Neutral,,,2025-04-09 11:12:40+00:00,,,cherokee386,Not Available,https://pbs.twimg.com/profile_images/1764221204175720448/82vZ3h-8_bigger.jpg,Unknown,Born March 10,2025-04-09
iPhone,ãã†ãªã‚“ã§ã™ã‹ã€‚ã‚ã‚ŠãŒã¨ã†ã”ã–ã„ã¾ã™ï¼ã§ã‚‚ãƒ›ãƒ¼ã‚¯ã‚¹TVè¦‹ãŸã„ã—iPadã€iPhoneã§è¦‹ã‚ˆã†ã‹ãªã£ã¦æ€ã„ã¾ã™ç¬‘,0.0,Neutral,,,2025-04-09 11:12:38+00:00,,,miya432144,Not Available,https://pbs.twimg.com/profile_images/1855129938598539264/Fuqgbuj-_bigger.jpg,Unknown,Unknown,2025-04-09
iPhone,ãªã‚“ã‹iPhoneã§æ’®å½±ã—ãŸã‚‰ç™½ãŒé»„ã°ã‚€ã‚“ã ã‚ˆãª,0.0,Neutral,,,2025-04-09 11:12:38+00:00,,,off_cmhp,Not Available,https://pbs.twimg.com/profile_images/1827387907814125571/vmaD_5qX_bigger.jpg,Unknown,é›»éŸ³éƒ¨4thLIVE -MUSIC FOR LIBERTY-,2025-04-09
iPhone,ä¸Šã‹ã‚‰iPhone 13 Pro Maxã§æ’®å½±ã—ã¦ã¿ãŸå¯Œå£«å±±ã§ã™ã§ã™,0.0,Neutral,,,2025-04-09 11:12:34+00:00,,,medetanokai,https://pbs.twimg.com/media/GoFs2GKakAEHtDg?format=jpg&name=360x360,https://pbs.twimg.com/profile_images/1892294644710723585/gxBT8yZ6_bigger.jpg,Unknown,æ—¥æœ¬,2025-04-09
iPhone,"Apple fait partie des entreprises avec la plus grande marge bÃ©nÃ©ficiaire eu monde, ils peuvent trÃ¨s bien absorber ces droits de douanes. La production d'un iphone coÃ»te trÃ¨s peu comparÃ© au prix final que subit le client.",0.0,Neutral,,,2025-04-09 11:12:33+00:00,,,xaviermarc77,Not Available,https://pbs.twimg.com/profile_images/1305131447037108224/bHU9UzbO_bigger.jpg,Unknown,Unknown,2025-04-09
iPhone,ãƒ¢ã‚¤ï¼iPhoneã‹ã‚‰ã‚­ãƒ£ã‚¹é…ä¿¡ä¸­ -,0.0,Neutral,,,2025-04-09 11:12:31+00:00,,,melorin__mi,Not Available,https://pbs.twimg.com/profile_images/1836385862218813440/7ms_i_Yp_bigger.jpg,Unknown,æ˜‡æ ¼è¨±å¯ä¸è¦ã§ã™ã€å†è­²æ¸¡ã®éš›ã”é€£çµ¡ãã ã•ã„ã€‚,2025-04-09
iPhone,"4. é›‡ç”¨ãƒ»ç‰©ä¾¡ãƒ»ã‚µãƒ—ãƒ©ã‚¤ãƒã‚§ãƒ¼ãƒ³ã«å½±éŸ¿

iPhoneãŒ30ä¸‡å††ã«ãªã‚‹ãªã©ã€è¼¸å…¥å“ä¾¡æ ¼ã¯æ€¥é¨°ã€‚
ä¼æ¥­ã¯ã‚³ã‚¹ãƒˆå¢—ã«ã‚ˆã‚Šé›‡ç”¨å‰Šæ¸›ã‚„æŠ•è³‡æŠ‘åˆ¶ã‚’å¼·ã„ã‚‰ã‚Œã¾ã™ã€‚
ã¾ãŸã€èª¿é”å…ˆã®åˆ‡ã‚Šæ›¿ãˆã«ã¯æ•°å¹´å˜ä½ã¨å¤šé¡ã®å†æ§‹ç¯‰ã‚³ã‚¹ãƒˆãŒå¿…è¦ã§ã™ã€‚",0.0,Neutral,,,2025-04-09 11:12:28+00:00,,,tokusuru_media,Not Available,https://pbs.twimg.com/profile_images/1777589499796893697/o-LXFRsL_bigger.jpg,Unknown,Unknown,2025-04-09
iPhone,Por isso esses r-word elegeram de novo esse bosta ai agr vai ter combo guerra + iphone inflacionado,0.0,Neutral,,,2025-04-09 11:12:28+00:00,,,adrenalineslut_,Not Available,https://pbs.twimg.com/profile_images/1905628128988278784/VfL39LKT_bigger.jpg,Unknown,bench in coney island,2025-04-09
iPhone,People gladly pay Apple that price increase on the latest iPhone for an extra button and reshuffled camera layout.,0.5106,Positive,,,2025-04-09 11:12:24+00:00,,,KnowledgeUpOnly,Not Available,https://pbs.twimg.com/profile_images/1859558661753823232/XSBR275f_bigger.jpg,Unknown,Unknown,2025-04-09
iPhone,ã†ã¨ã¨è©±ãã†ï¼ï¼ ãƒ¢ã‚¤ï¼iPhoneã‹ã‚‰ã‚­ãƒ£ã‚¹é…ä¿¡ä¸­ -,0.0,Neutral,,,2025-04-09 11:12:21+00:00,,,uto_utonemui,Not Available,https://pbs.twimg.com/profile_images/1653684071606919169/kt6ArVG0_bigger.jpg,Unknown,Unknown,2025-04-09
iPhone,"ğ—”ğ—½ğ—½ğ—¹ğ—² à¤•à¥€ à¤à¤‚à¤Ÿà¥à¤°à¥€ à¤¸à¥‡ ğ—¦ğ˜ğ—®ğ—¿ğ—¹ğ—¶ğ—»ğ—¸ à¤•à¥‹ à¤®à¤¿à¤²à¥€ à¤•à¤¡à¤¼à¥€ à¤Ÿà¤•à¥à¤•à¤° 

Apple à¤•à¥€ à¤¸à¥ˆà¤Ÿà¥‡à¤²à¤¾à¤‡à¤Ÿ à¤¸à¤°à¥à¤µà¤¿à¤¸ à¤ªà¤¾à¤°à¥à¤Ÿà¤¨à¤° Globalstar à¤¨à¥‡ à¤­à¤¾à¤°à¤¤ à¤®à¥‡à¤‚ à¤¸à¥ˆà¤Ÿà¥‡à¤²à¤¾à¤‡à¤Ÿ à¤‡à¤‚à¤Ÿà¤°à¤¨à¥‡à¤Ÿ à¤¶à¥à¤°à¥‚ à¤•à¤°à¤¨à¥‡ à¤•à¥‡ à¤²à¤¿à¤ à¤®à¤‚à¤œà¤¼à¥‚à¤°à¥€ à¤•à¥€ à¤®à¤¾à¤‚à¤— à¤•à¥€ à¤¹à¥ˆà¥¤ à¤ªà¤¢à¤¼à¥‡à¤‚ à¤ªà¥‚à¤°à¥€ à¤–à¤¬à¤°... 

#TechnicalNews #Apple #AppleiPhone #iPhone #Starlink #AI #AINews#AnalyticsInsight",0.0,Neutral,,,2025-04-09 11:12:21+00:00,"#TechnicalNews, #Apple, #AppleiPhone, #iPhone, #Starlink, #AI, #AINews#AnalyticsInsight",,analyticsinme,https://pbs.twimg.com/media/GoFszxPXsAAABYJ?format=jpg&name=small,https://pbs.twimg.com/profile_images/1029251124908371968/aF1HVctH_bigger.jpg,Unknown,Media & News Company,2025-04-09
iPhone,"@1
è¿…é€Ÿãƒ‡ãƒ¥ã‚ªãƒªãƒ¬ãƒ¼4ã‚»ãƒƒãƒˆ

å‚åŠ è²»ãŒ
@1
200Ã—2

é‹å–¶å¼·ããªã„ã§ã™ã€‚iPhoneå‹¢ã§ã™ã€‚",0.0,Neutral,,,2025-04-09 11:12:19+00:00,,"@1, @1",leoxqlx,Not Available,https://pbs.twimg.com/profile_images/1853321294143729664/DetKDoJt_bigger.jpg,Unknown,Unknown,2025-04-09
iPhone,"ã€Œã‚¢ãƒ¡ãƒªã‚«è£½å“ã‚’æ²¢å±±è²·ãˆã€ã¨è¨€ã„ãŸã„ã®ã ã‚ã†ã‘ã‚Œã©ã€é£Ÿæã¯è‰¯ããªã„ã—è‡ªå‹•è»Šã¯ç‡ƒè²»æ‚ªã„ã—å¤§ããã¦æ—¥æœ¬ã®é“è·¯ã«ã¯åˆã‚ãªã„ã‹ã‚‰ä½¿ã„ã«ãã—ã§ã¯å®‰ãã¦ã‚‚å£²ã‚Œãªã„ã¨ã„ã†äº‹ãŒãƒˆãƒ©ãƒ³ãƒ—ã«ä¼ã‚ã£ã¦ãªã„ã‚“ã ã‚ã†ãªã€‚
iPhoneã¯å£²ã‚Œã¦ã„ã‚‹ã‘ã‚Œã©ãã‚ŒãŒå£²ã‚Œã¦ã‚‚ã‚¢ãƒ¡ãƒªã‚«ã®åˆ©ç›Šãªã‚‰ãªã„ã®ã­ã€‚

#ãƒˆãƒ©ãƒ³ãƒ—ã‚·ãƒ§ãƒƒã‚¯",0.0,Neutral,,,2025-04-09 11:12:19+00:00,#ãƒˆãƒ©ãƒ³ãƒ—ã‚·ãƒ§ãƒƒã‚¯,,barcelona_1899,Not Available,https://pbs.twimg.com/profile_images/946358540532293633/xQsK2Gfu_bigger.jpg,Unknown,åå¤å±‹,2025-04-09
iPhone,Mais le prix de lâ€™iPhone la Play et tout il va doublÃ© Ã  cause de lâ€™autre con,0.2263,Positive,,1,2025-04-09 11:12:18+00:00,,,m_amr13,https://pbs.twimg.com/media/GoFrfm9WAAA877y?format=png&name=small,https://pbs.twimg.com/profile_images/1909900672075530240/GLv4PD38_bigger.jpg,Unknown,Entertainment & Recreation,2025-04-09
iPhone,"ãˆï¼ï¼
åŒã˜å€¤æ®µã§iPhoneã‚’ï¼ï¼Ÿ",0.0,Neutral,,,2025-04-09 11:12:17+00:00,,,Ri7696419159037,Not Available,https://abs.twimg.com/sticky/default_profile_images/default_profile_bigger.png,Unknown,Unknown,2025-04-09
iPhone,Pensando si comprarme el Ãºltimo iPhone,0.0,Neutral,,,2025-04-09 11:12:05+00:00,,,JaneLizard,https://pbs.twimg.com/media/GoFsv29WEAAYBF3?format=jpg&name=small,https://pbs.twimg.com/profile_images/1868330913085415424/aow8Obsg_bigger.jpg,Unknown,Unknown,2025-04-09
iPhone,imma be an iphone mule,0.0,Neutral,1,,2025-04-09 11:12:02+00:00,,,sum_dude44,Not Available,https://pbs.twimg.com/profile_images/1320261402909675520/MTEuZTHV_bigger.jpg,Unknown,florida,2025-04-09
iPhone,Hata iPhone 6 sina!,0.0,Neutral,,,2025-04-09 11:12:01+00:00,,,Ednah___,Not Available,https://pbs.twimg.com/profile_images/1856451419496206336/fx7UIra__bigger.jpg,Unknown,Valhalla,2025-04-09
iPhone,"ãƒ¢ã‚¤ï¼iPhoneã‹ã‚‰ã‚­ãƒ£ã‚¹é…ä¿¡ä¸­ -
ã”ã‚ã‚“åˆ‡ã‚ŒãŸãƒ¼ï¼",0.0,Neutral,,,2025-04-09 11:12:01+00:00,,,msc_mano,Not Available,https://pbs.twimg.com/profile_images/1658036529405788161/9P8d-GSw_bigger.jpg,Unknown,1å¹´é–“Unlimitã®å¿œæ´ã‚ã‚ŠãŒã¨ã†ï¼,2025-04-09
iPhone,"Oui, les estimations de production d'iPhone en Inde (520-525 $) semblent ne pas inclure les coÃ»ts de relocalisation des chaÃ®nes de production. Elles se concentrent sur les coÃ»ts opÃ©rationnels actuels, comme les tarifs et la logistique, vu que Apple produit lÃ -bas depuis 2017 avec",0.0,Neutral,1,,2025-04-09 11:11:58+00:00,,,grok,https://pbs.twimg.com/media/Gmq59kbaMAAmRX2?format=jpg&name=small,https://pbs.twimg.com/profile_images/1893219113717342208/Vgg2hEPa_bigger.jpg,Unknown,Unknown,2025-04-09
iPhone,I use IOS since iPhone series 5. I'm an apple girl ,0.0,Neutral,,,2025-04-09 11:11:57+00:00,,,AvatarFailed39,Not Available,https://pbs.twimg.com/profile_images/1872812451697217537/xKNro-oy_bigger.jpg,Unknown,Deutschland,2025-04-09
iPhone,"https://kds.pl
KDS SERWIS Katowice
Naprawy: Apple iPhone iPad MacBook Pro,
Notebooki i Smartfony.
Szybki, ekrany, baterie, gniazda, obudowy, pÅ‚yty gÅ‚Ã³wne.",0.0,Neutral,,,2025-04-09 11:11:53+00:00,,,vincento_futuro,Not Available,https://pbs.twimg.com/profile_images/1896598888364077057/hPrdjnt9_bigger.jpg,Unknown,Unknown,2025-04-09
iPhone,"ã„ã„æ„Ÿã˜ã§ã‚¨ã‚¤ã‚¸ãƒ³ã‚°ã™ã‚‹æ¸‹ã„ãƒ–ãƒ©ãƒƒã‚¯ãƒ¬ã‚¶ãƒ¼ã®iPhoneç”¨ã‚±ãƒ¼ã‚¹ã‚’ãŠæ¢ã—ã®æ–¹ã€ã‚¤ã‚¿ãƒªã‚¢ãƒ»ãƒã‚±ãƒƒã‚¿ãƒ¬ã‚¶ãƒ¼ãƒ¢ãƒ‡ãƒ«ãŒãŠã™ã™ã‚ã§ã™ï¼

è·äººãŒä½œã‚‹ãƒ¬ã‚¶ãƒ¼ã‚¹ãƒªãƒ¼ãƒ– iPhone Proç³»ï¼ˆ6.3ã‚¤ãƒ³ãƒï¼‰ç”¨
https://kawaya.com/products/ls-iphone-proâ€¦
è·äººãŒä½œã‚‹ãƒ¬ã‚¶ãƒ¼ã‚¹ãƒªãƒ¼ãƒ– iPhone Pro Maxï¼ˆ6.9ã‚¤ãƒ³ãƒï¼‰ç”¨
https://kawaya.com/products/ls-iphone-pro-maxâ€¦",0.0,Neutral,,,2025-04-09 11:11:50+00:00,,,kawayacom,https://pbs.twimg.com/media/GoFscynaQAArrOI?format=jpg&name=small,https://pbs.twimg.com/profile_images/1425827093/kunitachilogo2011_bigger.png,Unknown,Unknown,2025-04-09
iPhone,"nice onefootball app  Winning an iPhone?! Sounds like a plan! While you're busy with that, you can also check out how #SparkChainAI lets you earn crypto rewards just by sharing your unused internet bandwidth. Double the excitement!",0.9564,Positive,,,2025-04-09 11:11:49+00:00,#SparkChainAI,,ajoykh590,Not Available,https://pbs.twimg.com/profile_images/1900222432503590912/XfcuqjHc_bigger.jpg,Unknown,Khulna,2025-04-09
iPhone,"ã€Œä¸‰æœ¨è°·ã‚­ãƒ£ãƒ³ãƒšãƒ¼ãƒ³ã€ãŒ
ä¸€ç•ªãŠå¾—ãªã®ï¼Ÿ
æ¥½å¤©ãƒ¢ãƒã‚¤ãƒ«ã®ã‚­ãƒ£ãƒ³ãƒšãƒ¼ãƒ³ã®
ï¼¼ä½µç”¨ãƒ‘ã‚¿ãƒ¼ãƒ³ï¼
SIMã®ã¿ã€iPhoneã€Androidã‚¹ãƒãƒ›
ã€Œã‚‚ã‚‰ãˆã‚‹ãƒã‚¤ãƒ³ãƒˆã€
https://koarasandesu.hatenablog.com/entry/Rakuten_Mobile_Campaignâ€¦
16eã¯å†å¥‘ç´„ã‚‚2ä¸‡å††å‰²å¼•
ã‚¯ãƒ¼ãƒãƒ³ã‚³ãƒ¼ãƒ‰ã«ã‚¨ãƒ³ãƒˆãƒªãƒ¼
MNPï¼ˆä¹—ã‚Šæ›ãˆï¼‰",0.0,Neutral,,,2025-04-09 11:11:46+00:00,,,3san3da1,Not Available,https://pbs.twimg.com/profile_images/1628592620468584448/2q7Vrs_v_bigger.jpg,Unknown,æ¥½å¤©ãƒ¢ãƒã‚¤ãƒ«ã®è£ãƒ¯ã‚¶ã‚’ç¥å¥ˆå·çœŒã‹ã‚‰ç™ºä¿¡ä¸­â–¼,2025-04-09
iPhone,"ãªãã´ã®å­ä¾›ã®iPhoneã‚±ãƒ¼ã‚¹
ãŠã±ã‚“ã¡ã‚…ã¨ã‚·ãƒŠãƒ¢ãƒ³ã©ã£ã¡ã‚‚ã¤ã‘ã¦ã‚ã’ãŸã„ãªå¯æ„›ãã§ãã‚‹è‡ªä¿¡ã—ã‹ãªã„",0.0,Neutral,,,2025-04-09 11:11:40+00:00,,,EIS__0,Not Available,https://pbs.twimg.com/profile_images/1880597444523900928/FbMfoqg4_bigger.jpg,Unknown,ãƒ‡ã‚³æœ¬æ°—ã§åˆã‚ã¾ã—ãŸ,2025-04-09
iPhone,æ–°iPhone ã¯10ä¸‡ãƒ‰ãƒ«=1450ä¸‡å††ã§è‰,0.0,Neutral,,,2025-04-09 11:11:40+00:00,,,oki_mebarun,Not Available,https://pbs.twimg.com/profile_images/455679621338365952/5A5cIkTR_bigger.png,Unknown,Unknown,2025-04-09
iPhone,ã‚¹ãƒãƒ›ã®ãƒ‡ãƒ¼ã‚¿æ•´ç†ã®ãŸã‚ã«ã‚¢ãƒ¬ã‚’ã‚¢ãƒ¬ã—ã¦ã„ã‚‹ã€‚ã‚¹ãƒãƒ›ã„ã˜ã‚ŠãŸã„ã®ã«ç”»é¢å‹•ã‹ã›ãªãã¦ã‚­ãƒ¬ãã†ã€‚å¤ã„iPhoneã®TwitterãŒä½¿ãˆãªããªã£ã¦ããŸã®ã§æ³£ããªãŒã‚‰ã«ã‚¢ãƒƒãƒ—ãƒ‡ãƒ¼ãƒˆã—ã¡ã‚ƒã£ãŸ,0.0,Neutral,,,2025-04-09 11:11:36+00:00,,,kouen_girls,Not Available,https://pbs.twimg.com/profile_images/1872979605629616133/T2hJlIPC_bigger.jpg,Unknown,PASSPOâ˜†é­‚,2025-04-09
iPhone,Afyon'da kurulacak bir iphone fabrikasÄ±.....,0.0,Neutral,,,2025-04-09 11:11:36+00:00,,,efealbayrakk,https://pbs.twimg.com/media/GoFX68eXYAADmgf?format=jpg&name=small,https://pbs.twimg.com/profile_images/1711035882285789184/NhLxSzf__bigger.jpg,Unknown,Unknown,2025-04-09
iPhone,"Para fugir ao aumentos de preÃ§os, vai entrar na amÃ©rica muito contrabando de produtos chineses: iphone,garmin,tommy, nike, rebook,... tudo produtos desses malandros dos chineses q prejudicam as fÃ¡bricas amaricanas.Ou entao essas marcas vao ser substituÃ­das por marcas amaricanas",0.0,Neutral,,,2025-04-09 11:11:35+00:00,,,Mark55605524,Not Available,https://abs.twimg.com/sticky/default_profile_images/default_profile_bigger.png,Unknown,Unknown,2025-04-09
iPhone,Was supposed ETH to reach $5K not the new iPhone,0.0258,Positive,,,2025-04-09 11:11:30+00:00,,,johnjosephcoin1,Not Available,https://pbs.twimg.com/profile_images/1626542485731266560/CjbLCeAt_bigger.jpg,Unknown,Unknown,2025-04-09
iPhone,"iPhone dreigt onbetaalbaar te worden door Trumps handelsoorlog https://telegraaf.nl/financieel/1521967001/i-phone-dreigt-onbetaalbaar-te-worden-door-trumps-handelsoorlog/?utm_source=t.co&utm_medium=referral&utm_campaign=twitterâ€¦ #telegraafpremium via 
@Telegraaf",0.0,Neutral,,,2025-04-09 11:11:30+00:00,#telegraafpremium,@Telegraaf,johan1970nl,Not Available,https://pbs.twimg.com/profile_images/650051636556079104/R25BRHWt_bigger.png,Unknown,"Breda, Nederland",2025-04-09
iPhone,ã‚¢ãƒ¡ãƒªã‚«äººã€ã‚‚ã†iPhoneã‹ãˆã‚“ã‚ˆã†ã«ãªã‚‹ãª,0.0,Neutral,,,2025-04-09 11:11:27+00:00,,,f1at,Not Available,https://pbs.twimg.com/profile_images/755025300715474944/nAbDb3sJ_bigger.jpg,Unknown,Unknown,2025-04-09
iPhone,Oye que cÃ¡mara tan horrible del iPhone 15 pro max  aiiiiudaaa,-0.5423,Negative,,,2025-04-09 11:11:27+00:00,,,Nellteg1,Not Available,https://pbs.twimg.com/profile_images/1853756898614325248/yaOZ16Re_bigger.jpg,Unknown,Unknown,2025-04-09
iPhone,"ä»Šã®ã†ã¡ã«iPhoneè²·ã£ã¨ã‹ãªã„ã¨å›½å†…ã‚‚ä¸­å¤å“æš´é¨°ã™ã‚‹ã‚“ã˜ã‚ƒãªã„ã®
è»¢å£²ãƒ¤ãƒ¼æ­“å–œã—ã¦ãã†",0.0,Neutral,,,2025-04-09 11:11:26+00:00,,,kemo3asada51345,Not Available,https://abs.twimg.com/sticky/default_profile_images/default_profile_bigger.png,Unknown,Unknown,2025-04-09
iPhone,sÃ³ fala mal de iphone quem nÃ£o tem,0.0,Neutral,,,2025-04-09 11:11:25+00:00,,,quellspfc,Not Available,https://pbs.twimg.com/profile_images/1908138811646779392/voc-heOt_bigger.jpg,Unknown,Unknown,2025-04-09
